,open,high,low,close,vol
20181031,23600,24500,23000,24150,
20181030,23500,24300,22650,23550,
20181029,24300,25100,23550,23600,
20181026,25850,25900,24200,24850,
20181025,25700,26050,25200,25700,
20181024,27100,27200,26000,26500,
20181023,27650,28000,26350,26650,
20181022,28050,28200,27200,27450,
20181019,28400,28400,27750,28200,
20181018,28950,29000,28600,28700,
20181017,29250,29500,28600,28950,
20181016,28400,29300,28400,29050,
20181015,29350,29400,28600,28750,
20181012,28450,29600,28450,29350,
20181011,29800,30200,28800,28900,
20181010,31500,31700,30500,30750,
20181008,31900,32200,31500,31500,
20181005,32800,33300,32300,32650,
20181004,33850,34000,32400,32800,
20181002,33150,33900,33100,33450,
20181001,32000,33400,31800,33000,
20180928,32200,32450,31600,31750,
20180927,32700,33050,32300,32500,
20180921,32050,32450,32000,32300,
20180920,31850,32200,31450,31650,
20180919,32100,32700,31500,31550,
20180918,31600,31700,31400,31450,
20180917,32300,32400,31700,31900,
20180914,32550,32950,32400,32550,
20180913,31950,33300,31950,32600,
20180912,32050,32200,31150,31400,
20180911,32100,32200,31850,31900,
20180910,32100,32450,31800,32200,
20180907,32350,32700,31950,32300,
20180906,31750,32550,31750,32050,
20180905,32500,32700,32050,32050,
20180904,32900,33000,32350,32500,
20180903,33500,33500,32850,32900,
20180831,33900,33900,33250,33650,
20180830,34900,34900,33700,34000,
20180829,34400,35400,34400,34650,
20180828,35050,35200,34250,34300,
20180827,32900,34700,32850,34550,
20180824,32300,32650,31950,32400,
20180823,33600,33650,32550,32650,
20180822,32200,33700,32150,33350,
20180821,32100,32300,31450,31900,
20180820,31700,32600,31650,32300,
20180817,32050,32300,31200,31300,
20180816,31500,31800,30500,31200,
20180814,32100,32300,31800,32200,
20180813,32700,32700,31750,31900,
20180810,32850,33200,32550,32900,
20180809,33300,33300,32550,32700,
20180808,33600,34200,33450,33450,
20180807,34100,34100,33300,33500,
20180806,32250,34450,32250,34200,
20180803,31950,32650,31700,32450,
20180802,32200,33050,31600,31700,
20180801,32800,33000,32400,32700,
20180731,33100,33200,32350,32700,
20180730,34550,34550,32100,33400,
20180727,35500,35700,34550,35250,
20180726,34850,36250,34550,35500,
20180725,33900,35400,33900,34550,
20180724,31500,33550,31500,33250,
20180723,31250,32200,31150,31550,
20180720,33050,33050,30800,31050,
20180719,33450,33900,33050,33050,
20180718,33700,34100,33500,33600,
20180717,32850,33950,32850,33650,
20180716,32900,33250,32600,32850,
20180713,33300,33850,32600,32900,
20180712,32650,33700,32500,33450,
20180711,32900,33200,32300,32650,
20180710,32300,33950,32300,33350,
20180709,32800,32800,31900,32150,
20180706,32450,33100,32000,33000,
20180705,32650,33000,32000,32350,
20180704,32000,33450,32000,32800,
20180703,32700,32800,31850,32550,
20180702,33650,33650,32200,32400,
20180629,33800,34150,33050,34050,
20180628,33900,34400,33150,33650,
20180627,34550,34550,33550,33600,
20180626,33900,35050,33800,34550,
20180625,33350,34500,32750,34400,
20180622,32650,33450,32150,33150,
20180621,34250,34600,33100,33150,
20180620,34650,35000,33850,34150,
20180619,36200,36650,34550,34650,
20180618,37900,38200,36300,36550,
20180615,38900,39150,38000,38400,
20180614,40450,40450,38650,39150,
20180612,41350,41700,39850,40450,
20180611,40400,41350,40350,40850,
20180608,40500,41250,39300,40350,
20180607,39100,41350,39000,40850,
20180605,37600,38950,37600,37950,
20180604,36300,37850,35700,37550,
20180601,35950,36500,35600,36350,
20180531,36500,36500,35750,35950,
20180530,37150,37400,36150,36400,
20180529,38000,38000,37350,37500,
20180528,37850,38500,37700,37950,
20180525,38450,39200,37200,37700,
20180524,39000,39000,38000,38150,
20180523,39700,39750,38850,38950,
20180521,40750,40750,39350,39700,
20180518,39850,40900,39500,40450,
20180517,40450,41500,40000,40100,
20180516,41150,41300,39650,40250,
20180515,42200,42400,41000,41700,
20180514,40900,42350,40600,41950,
20180511,38450,40650,38450,40250,
20180510,36850,38000,36850,37950,
20180509,37100,37200,36750,36950,
20180508,37300,37350,36600,37200,
20180504,37400,37900,37050,37100,
20180503,37700,38100,37100,37750,
20180502,38050,39400,37550,37900,
20180430,37400,38400,37400,38150,
20180427,37750,38250,37550,37600,
20180426,37500,37950,37200,37750,
20180425,38300,38300,37450,37500,
20180424,38800,38900,37900,38500,
20180423,39450,39700,38500,38800,
20180420,39700,39700,38600,39500,
20180419,38250,39700,37700,39600,
20180418,37450,38050,37200,37350,
20180417,37500,37550,37050,37400,
20180416,37400,37650,36700,37300,
20180413,38000,38100,37200,37250,
20180412,37700,38450,37650,37950,
20180411,37750,37850,37350,37400,
20180410,37000,37750,36750,37650,
20180409,37200,37450,36700,37000,
20180406,38250,38250,37300,37850,
20180405,38350,38800,38000,38100,
20180404,39200,39250,38250,38300,
20180403,39600,39650,38750,39000,
20180402,39500,40450,39450,39650,
20180330,38550,39350,38550,39250,
20180329,39050,39450,38100,38450,
20180328,39150,39800,38550,39050,
20180327,39700,39700,38900,39400,
20180326,38150,39500,38100,39250,
20180323,39500,39700,38500,38600,
20180322,40100,40400,39850,40000,
20180321,40500,40700,39500,40150,
20180320,41100,41250,40600,40800,
20180319,41800,42050,41300,41500,
20180316,41750,41850,41200,41300,
20180315,40900,42200,40900,41900,
20180314,40950,41000,40500,40800,
20180313,41400,41550,40900,41400,
20180312,41500,41850,41050,41450,
20180309,41500,41800,40500,41200,
20180308,40400,41600,40400,41600,
20180307,41200,41350,40400,40400,
20180306,40900,41950,40700,41200,
20180305,42200,42400,40300,40350,
20180302,42500,42900,42150,42200,
20180228,43600,43950,43050,43050,
20180227,44450,44850,44100,44200,
20180226,44500,45300,44050,44500,
20180223,43800,44150,43550,44000,
20180222,43950,44200,43100,43500,
20180221,44450,44500,43750,44200,
20180220,44650,44700,43700,44500,
20180219,43150,44850,43100,44600,
20180214,42550,42600,41700,42300,
20180213,42600,42800,41900,42300,
20180212,42750,42750,42050,42300,
20180209,42500,43000,42000,42700,
20180208,42600,43600,42550,43600,
20180207,44550,44600,43000,43000,
20180206,42350,44000,42250,43850,
20180205,45200,45200,43550,44050,
20180202,47800,47800,45300,45750,
20180201,50600,50700,49600,50000,
20180131,51000,51200,49450,50300,
20180130,52000,52900,51400,51800,
20180129,51400,52000,50900,51800,
20180126,51400,51700,50600,51000,
20180125,50300,51600,50300,51400,
20180124,50400,50800,49550,49700,
20180123,50300,51400,49850,51000,
20180122,50300,50500,49550,50200,
20180119,49100,51200,48200,50900,
20180118,49300,50800,49200,49350,
20180117,50900,50900,48800,49200,
20180116,51900,52800,50600,50900,
20180115,51900,52500,51400,52200,
20180112,49600,50900,48950,50700,
20180111,51500,51600,48600,49600,
20180110,51800,51800,50600,50800,
20180109,50000,52700,49750,51400,
20180108,50500,50500,48950,50100,
20180105,48000,50700,48000,50300,
20180104,49550,49700,47800,47800,
20180103,49600,49950,48500,49650,
20180102,48200,50000,48200,49600,
20171228,47300,48200,46850,47500,
20171227,46500,47250,46200,46600,
20171226,46750,47600,46450,46500,
20171222,46300,46750,45700,46250,
20171221,46750,47250,45900,46200,
20171220,45100,47150,44800,46000,
20171219,43750,45100,43750,44300,
20171218,44600,44700,43250,43750,
20171215,42400,44550,42400,44450,
20171214,43200,43600,42150,42150,
20171213,42900,43700,42500,43100,
20171212,42400,43350,42400,42900,
20171211,41900,42850,41900,42650,
20171208,43000,43550,41800,42100,
20171207,44000,44650,43050,43050,
20171206,45400,45600,44000,44000,
20171205,45600,46000,45050,45850,
20171204,44650,45650,44550,45450,
20171201,45350,45650,44400,44550,
20171130,45550,46850,44950,44950,
20171129,46550,46600,45100,45150,
20171128,46150,47450,45650,46150,
20171127,45900,47100,44900,46300,
20171124,46700,46750,45400,45500,
20171123,44400,46650,44350,46300,
20171122,44500,45200,43700,43800,
20171121,45200,45250,43800,44200,
20171120,45450,45600,44850,44850,
20171117,46000,46450,45350,45700,
20171116,45650,46350,45100,45900,
20171115,47050,47200,45600,46000,
20171114,46850,48000,46850,47000,
20171113,47300,48000,46700,46700,
20171110,48650,48650,47400,47600,
20171109,48200,48750,48050,48350,
20171108,48650,48750,48000,48200,
20171107,48950,50000,48750,49200,
20171106,49650,49750,48600,49100,
20171103,50000,50600,49050,49500,
20171102,49600,50800,49600,49750,
20171101,49100,49500,48800,49200,
20171031,49700,49800,48450,49050,
20171030,49350,50200,48050,49900,
20171027,50700,51800,50100,51400,
20171026,52100,52100,50600,50900,
20171025,54900,54900,52200,52300,
20171024,54700,55200,53700,55200,
20171023,55500,55700,54500,54600,
20171020,54500,56000,54000,55400,
20171019,55700,56400,54600,54600,
20171018,58100,58100,56400,56900,
20171017,57000,58900,56400,58600,
20171016,54800,56300,54600,56000,
20171013,55300,56000,54300,54800,
20171012,55200,56500,55000,55300,
20171011,55100,55700,54200,55200,
20171010,52300,55200,52000,55100,
20170929,51900,52000,50500,51300,
20170928,50100,51200,49550,51100,
20170927,52000,52000,50100,50100,
20170926,50300,51900,50200,51500,
20170925,49900,50800,49600,50000,
20170922,51900,51900,48450,49900,
20170921,51400,52000,50400,51900,
20170920,53500,53500,51600,51700,
20170919,52700,53700,52400,52900,
20170918,52300,53200,51400,52700,
20170915,53500,53500,50800,52100,
20170914,54900,55000,53100,53200,
20170913,55700,55700,54700,54800,
20170912,54100,55800,53600,55800,
20170911,54000,55000,53000,53600,
20170908,55400,55900,54100,55000,
20170907,55400,56200,54400,55900,
20170906,56000,56100,54200,55200,
20170905,56600,56800,55800,55900,
20170904,55400,57300,55400,55900,
20170901,57500,57600,55700,56200,
20170831,56500,57600,56400,57000,
20170830,56300,56600,55600,56100,
20170829,54600,56600,54000,55600,
20170828,54300,56600,54000,54600,
20170825,54200,54200,53600,54100,
20170824,53300,54200,53100,53800,
20170823,54900,55100,53100,53300,
20170822,53900,54700,53500,54100,
20170821,52900,53900,52200,52800,
20170818,53800,54700,53100,53100,
20170817,53000,54900,52700,54300,
20170816,52000,52200,50700,51600,
20170814,52100,52400,51100,51600,
20170811,52800,53900,51200,51600,
20170810,53500,54300,52400,53900,
20170809,53400,54700,53200,53400,
20170808,53300,54200,52000,53400,
20170807,54800,54800,52400,52800,
20170804,52100,54700,52100,54300,
20170803,53600,53800,51100,52500,
20170802,51800,54100,50600,53700,
20170801,50500,52400,50300,51900,
20170731,48350,50400,47750,49700,
20170728,49200,49800,48250,48450,
20170727,48200,49900,47500,49400,
20170726,46900,48850,45900,47600,
20170725,43050,46350,42500,45850,
20170724,46650,46900,45950,46500,
20170721,47200,47200,46200,46400,
20170720,47450,47750,47000,47500,
20170719,47450,47650,46950,47400,
20170718,47500,47700,46800,47150,
20170717,46550,47300,46350,46950,
20170714,46000,46800,45450,46300,
20170713,45300,45950,44500,45950,
20170712,46600,46700,45100,45250,
20170711,44700,47000,44700,46600,
20170710,45500,45800,44600,44650,
20170707,45200,46550,45000,45300,
20170706,44550,45050,43900,45000,
20170705,43550,45150,43550,45050,
20170704,44900,44900,43550,43800,
20170703,43050,44800,43050,44700,
20170630,42650,43700,42600,43000,
20170629,42200,43000,41950,42650,
20170628,40000,42100,39950,42000,
20170627,40150,40200,39850,39950,
20170626,40150,40350,39400,40200,
20170623,40050,40350,39650,40150,
20170622,40500,40550,39450,40000,
20170621,40050,40550,39150,40150,
20170620,40450,40550,40050,40350,
20170619,41750,41750,40300,40400,
20170616,41050,41850,40750,41300,
20170615,41600,41600,40750,41100,
20170614,40750,41850,40750,41750,
20170613,40900,41100,40500,41000,
20170612,40500,40850,40300,40700,
20170609,40250,41200,40250,40500,
20170608,40100,40400,39800,40000,
20170607,39950,40400,39850,40050,
20170605,40900,40900,40000,40150,
20170602,40950,41300,40700,40850,
20170601,41300,41350,40750,40900,
20170531,41600,41600,41150,41400,
20170530,41750,41950,41150,41750,
20170529,41600,41900,41200,41400,
20170526,42200,42200,41500,41600,
20170525,42150,42350,41450,42200,
20170524,40800,42050,40800,41950,
20170523,40700,41100,40250,40800,
20170522,39750,40500,39750,40450,
20170519,39650,39800,39350,39650,
20170518,39300,40050,39300,39800,
20170517,40450,40500,39300,39650,
20170516,40000,40500,39800,40450,
20170515,40100,40350,39500,39800,
20170512,40200,40250,39800,39900,
20170511,39400,40300,39400,40300,
20170510,39500,40100,39100,39400,
20170508,40150,40150,39000,39300,
20170504,40000,40550,39800,40100,
20170502,39350,40200,39300,40000,
20170428,40700,40700,38950,39050,
20170427,39900,41100,39850,40150,
20170426,39650,40200,39300,39750,
20170425,39400,39700,38800,39500,
20170424,39500,40500,39300,39400,
20170421,39550,39550,38950,39300,
20170420,39050,39300,38500,39200,
20170419,39600,39800,38700,38700,
20170418,40000,40100,39450,39600,
20170417,39500,40150,39050,40000,
20170414,40300,40800,39800,39900,
20170413,40850,40900,40200,40700,
20170412,40800,42300,40300,40500,
20170411,40800,41350,40450,40450,
20170410,41450,41500,40500,41200,
20170407,41600,41750,41000,41250,
20170406,39600,41800,39500,41500,
20170405,39000,39450,38800,39050,
20170404,38450,39000,38150,38700,
20170403,39100,39150,38300,38550,
20170331,39200,39250,38600,39100,
20170330,39100,39400,38700,39000,
20170329,39100,39400,38100,38700,
20170328,38700,39200,38250,38600,
20170327,38800,39150,38000,38700,
20170324,39300,39350,38250,39000,
20170323,37600,39600,37500,39400,
20170322,37500,37800,37050,37150,
20170321,38650,38650,37550,37900,
20170320,38150,38550,38150,38450,
20170317,38750,38800,38200,38300,
20170316,38150,38650,38000,38500,
20170315,38100,38350,37350,37450,
20170314,38300,39000,37600,38250,
20170313,39400,39400,37800,38100,
20170310,39500,39700,38950,39100,
20170309,40050,40200,39400,39950,
20170308,39550,40500,39250,40000,
20170307,39100,39700,38800,39500,
20170306,39600,39750,39000,39250,
20170303,40050,40700,39900,39900,
20170302,41250,41650,40200,40300,
20170228,39700,41050,39700,40950,
20170227,40400,40400,39500,39950,
20170224,40300,40650,39600,39950,
20170223,41650,41650,40600,41000,
20170222,41600,41900,41300,41350,
20170221,40550,42500,40550,41450,
20170220,40300,40700,39850,40000,
20170217,40000,41000,40000,40300,
20170216,41200,41300,39950,40000,
20170215,41600,42000,41100,41800,
20170214,42100,42550,41350,41400,
20170213,40150,41450,39800,41300,
20170210,39700,40300,39550,39700,
20170209,39650,40450,39650,40100,
20170208,40500,40750,39350,40350,
20170207,40200,40300,38800,40300,
20170206,43100,43150,40100,40200,
20170203,43000,43900,42650,42700,
20170202,43550,43850,43050,43050,
20170201,43600,44050,42950,43700,
20170131,44150,44150,43250,43500,
20170126,43350,44300,43100,44000,
20170125,44750,44900,43650,43800,
20170124,43700,44050,42900,43950,
20170123,42900,43800,42900,43750,
20170120,43700,43900,42850,42900,
20170119,43150,44400,42700,43700,
20170118,43650,43700,42900,43150,
20170117,44350,45050,43400,44000,
20170116,44100,44800,43800,44300,
20170113,43950,44200,43300,43900,
20170112,44350,44750,43250,43800,
20170111,41300,44350,41300,44300,
20170110,41250,41550,40200,41250,
20170109,42900,42900,41550,41650,
20170106,42100,43200,41800,42900,
20170105,41400,42250,41100,41400,
20170104,41400,41700,40850,41250,
20170103,40900,42050,40250,41400,
20170102,40500,41150,40100,40750,
20161229,40700,40750,39650,40500,
20161228,40800,40900,40250,40300,
20161227,40650,41250,40400,41150,
20161226,41300,41500,40450,40600,
20161223,42200,42350,41500,41600,
20161222,42650,42700,41800,42400,
20161221,42450,43450,42250,42450,
20161220,42450,42500,41850,42350,
20161219,41850,42450,41450,42300,
20161216,43300,43450,41900,42350,
20161215,42600,43600,42400,43350,
20161214,43100,43350,42600,43200,
20161213,43700,43750,42550,43000,
20161212,44200,44300,43100,43800,
20161209,44400,44450,43450,43850,
20161208,44350,44800,43750,44600,
20161207,43900,45250,43050,44000,
20161206,41050,43850,41050,43450,
20161205,39250,40250,39100,40250,
20161202,39100,40100,39000,39250,
20161201,38500,39500,38000,39300,
20161130,39300,39300,37750,38800,
20161129,39000,39800,38700,39300,
20161128,39350,40000,38850,39000,
20161125,40400,40650,39300,39450,
20161124,40200,40600,39750,39900,
20161123,40000,40750,39500,40100,
20161122,39000,40000,38650,40000,
20161121,40000,40000,38350,38600,
20161118,39950,40350,39400,39900,
20161117,40350,40900,39900,40000,
20161116,40800,41400,39850,41150,
20161115,40350,41450,39400,40700,
20161114,40100,41700,39300,40350,
20161111,38550,40800,38350,39700,
20161110,36000,39250,35900,38300,
20161109,35350,37000,33800,35400,
20161108,35400,35450,34800,35100,
20161107,35900,35900,34950,35250,
20161104,34700,35850,34300,35850,
20161103,34300,34750,33950,34350,
20161102,34750,35400,34250,34800,
20161101,34850,35100,34400,35000,
20161031,34000,35050,33100,34800,
20161028,34700,34800,34300,34750,
20161027,34500,35150,34150,34550,
20161026,33950,34300,33700,34000,
20161025,33950,34250,33550,34100,
20161024,33450,34150,33300,33900,
20161021,34400,34450,33650,33650,
20161020,34150,34550,33950,34250,
20161019,33800,34300,33800,34300,
20161018,33500,33750,33250,33650,
20161017,33250,33650,32950,33600,
20161014,33500,33800,33150,33250,
20161013,34000,34100,33250,33250,
20161012,34300,34550,33750,34000,
20161011,34400,34450,33950,34250,
20161010,33300,34300,33250,34150,
20161007,33650,34000,33100,33400,
20161006,34000,34050,33650,33850,
20161005,33950,34100,33500,34100,
20161004,33950,34100,33200,33950,
20160930,33500,34100,33500,33850,
20160929,33800,34000,33600,33850,
20160928,33850,33850,33300,33650,
20160927,32500,33850,32250,33850,
20160926,32500,32850,32200,32500,
20160923,32950,32950,32300,32700,
20160922,31950,32900,31900,32650,
20160921,31300,31950,31200,31800,
20160920,31400,31650,31050,31600,
20160919,31600,31950,31450,31500,
20160913,31800,32250,31400,31900,
20160912,31500,31950,31500,31700,
20160909,31950,32350,31750,32200,
20160908,32800,32950,32150,32350,
20160907,32150,33100,32150,32950,
20160906,32500,32700,32250,32400,
20160905,32200,32800,32150,32600,
20160902,31650,31950,31300,31700,
20160901,31350,31800,31000,31350,
20160831,31800,31900,30750,31350,
20160830,31500,32100,31500,31700,
20160829,32350,32400,31450,31650,
20160826,32450,32600,32100,32500,
20160825,32500,32550,31900,32400,
20160824,31700,33150,31600,32650,
20160823,32200,32250,31200,31750,
20160822,33250,33250,32250,32300,
20160819,32550,33350,32300,33250,
20160818,33000,33450,32400,32550,
20160817,33450,33500,32550,32900,
20160816,33850,34000,33300,33400,
20160812,32900,33800,32750,33750,
20160811,32350,32900,32200,32700,
20160810,32900,33100,32150,32200,
20160809,31700,33000,31700,33000,
20160808,32950,33000,31500,31700,
20160805,32550,33100,32250,32850,
20160804,32800,32850,32200,32400,
20160803,32600,32900,32350,32450,
20160802,32500,32800,32000,32700,
20160801,31200,32400,31200,32400,
20160729,31300,31800,30750,31050,
20160728,31500,32150,31000,31300,
20160727,30650,30850,30400,30500,
20160726,30850,30850,30200,30650,
20160725,30500,30900,30350,30850,
20160722,30300,30850,30150,30450,
20160721,30850,30850,30200,30300,
20160720,30100,30850,30000,30700,
20160719,31100,31100,29900,30300,
20160718,31300,31450,30900,31100,
20160715,31700,31850,31200,31400,
20160714,31950,32050,31050,31550,
20160713,31100,32000,31100,31800,
20160712,30400,30900,29950,30900,
20160711,29950,30250,29900,30250,
20160708,29500,29850,29400,29650,
20160707,29400,29850,29350,29850,
20160706,29850,29850,28900,29150,
20160705,29850,30100,29550,29700,
20160704,30200,30450,29350,29700,
20160701,29350,30200,29300,30000,
20160630,30000,30100,28950,29150,
20160629,29300,29900,29250,29800,
20160628,28800,29300,28800,29150,
20160627,28900,29250,28650,29250,
20160624,30500,31050,29050,29350,
20160623,30200,30500,29950,30350,
20160622,29900,30450,29750,30350,
20160621,29400,30100,29100,29900,
20160620,29000,29450,28850,29250,
20160617,29850,29850,28500,28650,
20160616,29350,29900,28850,28950,
20160615,28650,29400,28600,29300,
20160614,30100,30100,28500,29050,
20160613,29800,30350,29150,30100,
20160610,29500,30350,29450,30100,
20160609,30150,30300,29500,29500,
20160608,29900,30250,29100,30200,
20160607,29100,30000,29100,29900,
20160603,29300,29600,28700,28950,
20160602,29400,29750,29250,29350,
20160601,29850,30200,29150,29400,
20160531,29950,30150,29150,29850,
20160530,31500,31800,29800,29950,
20160527,30250,31050,30250,30850,
20160526,30100,30500,29800,30250,
20160525,30100,30250,29650,30000,
20160524,29200,30100,29150,29750,
20160523,29250,29750,28950,29150,
20160520,30000,30050,28850,29200,
20160519,30200,30650,29850,30150,
20160518,30100,30700,30100,30250,
20160517,30250,30450,29400,30300,
20160516,30500,30500,29400,29950,
20160513,30600,30800,30400,30700,
20160512,30500,30650,30100,30400,
20160511,30300,30700,29950,30550,
20160510,31500,31700,29900,30050,
20160509,31150,31800,31100,31500,
20160504,32000,32100,31100,31150,
20160503,31950,32200,31800,32000,
20160502,31950,32200,31350,31800,
20160429,31300,32350,31000,31850,
20160428,32250,32350,31000,31400,
20160427,30600,31250,30450,30900,
20160426,30900,30950,30300,30700,
20160425,30800,30950,30350,30700,
20160422,31500,31550,30650,30750,
20160421,31500,31650,31250,31550,
20160420,31450,31500,31100,31250,
20160419,31000,31500,30950,31300,
20160418,30300,31000,30250,30800,
20160415,30750,31000,30300,30850,
20160414,30500,31350,30450,30750,
20160412,30550,30750,29900,30350,
20160411,30350,30800,30150,30750,
20160408,29800,30500,29800,30350,
20160407,30450,30650,30000,30100,
20160406,29100,30650,29100,30450,
20160405,28900,29550,28850,29400,
20160404,28900,29200,28450,28900,
20160401,29700,29750,28750,28750,
20160331,29850,29950,29150,29650,
20160330,29250,29700,29150,29700,
20160329,29400,29450,28950,29150,
20160328,29150,29400,28900,29300,
20160325,28950,29450,28950,29150,
20160324,29700,29700,29200,29250,
20160323,29500,29900,29300,29800,
20160322,29300,29550,28900,29500,
20160321,30000,30050,29000,29000,
20160318,29400,30200,29400,29850,
20160317,28500,29000,28500,28950,
20160316,28700,28700,28250,28400,
20160315,28600,28850,28000,28650,
20160314,29100,29150,28400,28550,
20160311,28800,29200,28250,28950,
20160310,28450,29000,28000,28900,
20160309,28850,28850,27400,28150,
20160308,28900,29100,28300,28950,
20160307,29000,29300,28550,28600,
20160304,28400,28850,28250,28800,
20160303,28500,28600,28100,28400,
20160302,28100,28450,28050,28350,
20160229,27050,27950,27050,27950,
20160226,27700,27700,26800,26950,
20160225,27300,28000,27300,27700,
20160224,26500,27150,26450,26950,
20160223,26600,27050,26350,27050,
20160222,26500,26800,26000,26300,
20160219,25900,26500,25900,26350,
20160218,25650,26050,25650,26000,
20160217,25500,26000,25200,25550,
20160216,25550,25800,25100,25400,
20160215,25000,26050,24950,25450,
20160212,24650,25250,24100,24650,
20160211,25050,25450,24650,24650,
20160205,26100,26350,25600,25750,
20160204,25900,26150,25500,26100,
20160203,25050,25750,24700,25500,
20160202,25400,25900,25000,25500,
20160201,24750,25800,24500,25650,
20160129,24100,24300,23850,24200,
20160128,23800,24000,23400,23850,
20160127,23100,23950,23100,23850,
20160126,23500,23500,22650,22900,
20160125,23850,24200,23400,23550,
20160122,23100,23750,23100,23650,
20160121,22850,23100,22500,23000,
20160120,23800,23850,22500,22800,
20160119,24900,24900,23500,23700,
20160118,24700,24950,24350,24850,
20160115,25100,25250,24550,24750,
20160114,24850,24950,24550,24950,
20160113,24900,25450,24900,25000,
20160112,25150,25450,24800,25000,
20160111,25800,25800,25250,25450,
20160108,25600,26250,24850,26100,
20160107,26800,26900,25700,25900,
20160106,26900,27350,26600,26850,
20160105,26550,27150,26500,27000,
20160104,27050,27550,26450,26600,
20151230,27550,27950,27300,27550,
20151229,27750,27900,27250,27500,
20151228,28150,28350,27750,27750,
20151224,28600,28900,28200,28400,
20151223,27950,29050,27600,28300,
20151222,27650,27950,27450,27950,
20151221,27700,27850,27600,27650,
20151218,27500,27900,27300,27650,
20151217,27950,27950,27350,27750,
20151216,26550,27800,26550,27700,
20151215,26500,26750,26300,26550,
20151214,26600,26850,26100,26350,
20151211,26350,26700,26350,26600,
20151210,26150,26400,25950,26300,
20151209,25600,26150,25300,26100,
20151208,26200,26500,25500,25900,
20151207,26650,26900,26150,26450,
20151204,26550,26750,26100,26450,
20151203,26350,27150,26150,26850,
20151202,26750,27000,26450,26450,
20151201,26350,27050,26300,26850,
20151130,26300,26500,25950,26150,
20151127,26400,26550,25950,26550,
20151126,26400,26500,26000,26400,
20151125,25250,26350,25250,26300,
20151124,25400,25650,25200,25350,
20151123,25700,25750,25300,25500,
20151120,25300,25800,25250,25700,
20151119,25400,25650,25300,25400,
20151118,25250,25550,25050,25350,
20151117,24600,25350,24600,25350,
20151116,24700,24700,24350,24500,
20151113,24800,25050,24600,25000,
20151112,24550,25150,24250,25100,
20151111,24500,24850,24250,24650,
20151110,24800,24900,24500,24550,
20151109,25150,25150,24800,24850,
20151106,25550,25650,25100,25150,
20151105,25850,25850,25250,25700,
20151104,26200,26200,25750,25950,
20151103,25700,26200,25550,26150,
20151102,25700,25700,25350,25350,
20151030,26500,26500,25650,25750,
20151029,26750,26750,26300,26550,
20151028,27400,27400,26650,27200,
20151027,27450,27450,27050,27150,
20151026,27300,27700,26650,27300,
20151023,26750,27300,26750,27000,
20151022,26750,26950,26450,26550,
20151021,26650,27150,26450,26950,
20151020,26650,26850,26300,26650,
20151019,27000,27500,26700,26900,
20151016,27400,27450,26900,27100,
20151015,27300,27600,27050,27400,
20151014,26900,27400,26450,27200,
20151013,27850,27850,26800,27150,
20151012,27000,28000,27000,27900,
20151008,25650,26950,25650,26400,
20151007,25900,26050,25450,25550,
20151006,25400,26050,25400,25700,
20151005,25350,25400,25050,25200,
20151002,25800,26000,25150,25350,
20151001,25400,26000,25200,25800,
20150930,24750,25200,24500,25100,
20150925,25100,25250,24550,25250,
20150924,25100,25100,24800,24950,
20150923,25650,25650,24750,25000,
20150922,25700,26350,25650,26100,
20150921,26750,26750,25600,25650,
20150918,27600,27650,26400,26800,
20150917,26450,28050,26200,27750,
20150916,26100,26350,25650,26150,
20150915,25350,26000,25200,25800,
20150914,25600,25700,25250,25550,
20150911,24900,25750,24850,25650,
20150910,24950,25350,24600,25350,
20150909,24100,25600,23950,25500,
20150908,23850,24000,23500,23600,
20150907,23700,24150,23450,23950,
20150904,24100,24300,23750,23950,
20150903,24050,24150,23850,23950,
20150902,23850,24000,23400,23950,
20150901,24500,24550,24150,24150,
20150831,24300,24800,24100,24550,
20150828,24450,24950,24050,24650,
20150827,24550,24550,23700,23850,
20150826,23050,24450,22850,24450,
20150825,23350,23400,22650,23000,
20150824,23050,23850,22900,23250,
20150821,24650,25250,23500,23600,
20150820,24800,25200,24150,24200,
20150819,25550,25600,24500,25200,
20150818,25800,25950,25600,25750,
20150817,26000,26100,25750,25900,
20150813,26000,26100,25750,26050,
20150812,26150,26200,25700,25950,
20150811,25650,26400,25650,26150,
20150810,26200,26200,25400,25500,
20150807,26850,26900,26200,26350,
20150806,26800,27300,26800,26950,
20150805,26950,27300,26800,26850,
20150804,26500,27050,26200,27000,
20150803,26250,26600,26150,26400,
20150731,26050,26350,25500,26300,
20150730,25700,26100,25600,25800,
20150729,26400,26500,25450,25550,
20150728,25350,25650,25300,25350,
20150727,25700,25900,25350,25700,
20150724,26300,26350,25550,26100,
20150723,27150,27150,26150,26400,
20150722,27100,27300,26950,27150,
20150721,27250,27750,27050,27300,
20150720,27000,27400,26750,27200,
20150717,27200,27350,26800,27000,
20150716,27300,27450,26950,27100,
20150715,27050,27400,26850,27200,
20150714,26850,27200,26700,26850,
20150713,26450,26850,26200,26800,
20150710,26500,26750,26250,26350,
20150709,26050,26450,25600,26450,
20150708,26200,26300,25700,26050,
20150707,26600,26750,25850,26300,
20150706,27300,27500,26400,26450,
20150703,27300,27750,27000,27650,
20150702,26650,26650,26050,26300,
20150701,26450,26500,26050,26350,
20150630,25550,26000,25450,26000,
20150629,25850,26250,25700,25950,
20150626,26700,26900,26350,26700,
20150625,26650,27100,26450,26950,
20150624,27200,27650,26800,27050,
20150623,26850,27000,26700,27000,
20150622,27050,27150,26550,26850,
20150619,26750,27300,26400,27050,
20150618,26850,26900,26300,26400,
20150617,26600,27000,26100,26700,
20150616,28350,28750,26600,26600,
20150615,29500,29550,28250,28600,
20150612,28550,28900,28000,28250,
20150611,29150,29150,28300,28300,
20150610,29400,29600,28450,28800,
20150609,28000,29350,27950,29300,
20150608,28050,28600,27650,28250,
20150605,28500,28700,27600,28000,
20150604,28850,29250,28200,28550,
20150603,29150,30000,28750,28950,
20150602,29800,30400,28900,29550,
20150601,30900,30950,29850,30200,
20150529,30350,31250,30050,31250,
20150528,30300,30800,29700,30350,
20150527,31100,31300,29750,30200,
20150526,31700,31800,31200,31350,
20150522,31350,32250,31200,31750,
20150521,30500,32150,30500,31400,
20150520,28550,30400,28450,30100,
20150519,29300,29300,28500,28550,
20150518,29000,29350,28750,29100,
20150515,29450,29850,28700,29000,
20150514,29550,30000,29400,29450,
20150513,29700,30000,29600,29900,
20150512,29400,30000,29200,29900,
20150511,29350,29700,29100,29400,
20150508,29300,29600,29050,29500,
20150507,29000,29300,28450,29250,
20150506,28650,28700,27800,28650,
20150504,29250,29300,28400,28650,
20150430,28600,29100,28200,28950,
20150429,27700,28900,27700,28600,
20150428,27450,28100,27300,27600,
20150427,27600,28400,27300,28400,
20150424,28000,28250,27350,27550,
20150423,27850,28550,27500,28100,
20150422,28250,28400,27500,27900,
20150421,27800,28300,27750,28100,
20150420,27050,27900,26950,27750,
20150417,26400,27500,26250,27200,
20150416,25700,26300,25650,26200,
20150415,25900,26200,25600,25700,
20150414,26000,26150,25600,25950,
20150413,26150,26600,26000,26100,
20150410,25650,26450,25300,26200,
20150409,26200,26450,25450,25550,
20150408,26000,26500,25900,26250,
20150407,26700,27000,25850,26050,
20150406,26100,26650,26000,26650,
20150403,26700,26750,26250,26500,
20150402,25300,26550,25150,26350,
20150401,24700,25300,24550,25300,
20150331,24600,24750,24500,24700,
20150330,24750,24750,24450,24500,
20150327,24700,24900,24500,24650,
20150326,24850,24950,24450,24700,
20150325,25100,25400,24950,25050,
20150324,25400,25550,25050,25100,
20150323,25400,25750,25000,25050,
20150320,24550,25200,24550,25200,
20150319,24500,24850,24350,24550,
20150318,24550,24550,24100,24200,
20150317,24400,24750,24250,24550,
20150316,24650,24700,24200,24300,
20150313,24600,24900,24450,24700,
20150312,24350,24550,24200,24350,
20150311,24300,24650,24200,24350,
20150310,25000,25250,24400,24500,
20150309,25650,25750,24800,25000,
20150306,25650,26150,25550,25850,
20150305,25450,25850,25350,25800,
20150304,25500,25850,25500,25550,
20150303,25400,26000,25200,25800,
20150302,25600,26100,25250,25550,
20150227,25450,25900,25400,25650,
20150226,24700,25900,24300,25850,
20150225,23750,24700,23600,24700,
20150224,23300,23650,23200,23400,
20150223,23150,23400,23100,23350,
20150217,23100,23250,22800,22950,
20150216,22750,23300,22750,23000,
20150213,22700,22900,22550,22700,
20150212,22850,23050,22550,22550,
20150211,23000,23100,22800,22950,
20150210,22750,23150,22700,22950,
20150209,22900,22950,22650,22750,
20150206,23000,23200,22750,22800,
20150205,23250,23400,22850,22850,
20150204,22900,23300,22850,23100,
20150203,23000,23050,22400,22500,
20150202,22950,23500,22750,22850,
20150130,24500,24550,22650,22750,
20150129,24250,24550,23950,24450,
20150128,24200,24450,24100,24400,
20150127,24000,24450,23900,24350,
20150126,24350,24350,24000,24150,
20150123,25200,25300,24250,24500,
20150122,24400,25100,24250,24800,
20150121,24600,24600,24000,24200,
20150120,24550,24550,24100,24450,
20150119,23650,24600,23650,24500,
20150116,23750,23750,23250,23500,
20150115,23750,23850,23400,23500,
20150114,24200,24350,23850,23900,
20150113,24200,24350,24100,24350,
20150112,24050,24400,24050,24250,
20150109,23900,24200,23850,24050,
20150108,24000,24150,23750,23750,
20150107,24050,24200,23800,24000,
20150106,24350,24600,23900,23950,
20150105,24800,24800,24250,24650,
20150102,24800,24950,24650,24800,
20141230,24900,25300,24700,25050,
20141229,25200,25250,24650,25200,
20141226,25350,25650,25200,25500,
20141224,25150,25400,25100,25300,
20141223,25250,25350,25100,25200,
20141222,25250,25550,25200,25250,
20141219,25100,25350,24900,25250,
20141218,25500,25550,24500,25100,
20141217,24550,25550,24500,25500,
20141216,24750,24850,24400,24450,
20141215,24900,24950,24700,24850,
20141212,24750,25100,24700,25000,
20141211,24950,25000,24650,24750,
20141210,25350,25400,25000,25050,
20141209,25550,25550,25200,25300,
20141208,25950,26100,25500,25550,
20141205,26000,26000,25700,25750,
20141204,25950,26150,25700,26000,
20141203,25600,25700,25400,25450,
20141202,25400,25900,25350,25700,
20141201,26450,26450,25150,25550,
20141128,26800,26900,26450,26650,
20141127,27200,27300,26450,27000,
20141126,27350,27350,26900,27300,
20141125,27850,27850,27250,27300,
20141124,26750,28150,26700,27850,
20141121,26000,26250,25800,26250,
20141120,26000,26050,25750,26000,
20141119,26200,26300,25800,26000,
20141118,26350,26600,26200,26250,
20141117,26200,26700,26200,26500,
20141114,26650,26700,26100,26150,
20141113,26750,27000,26400,26800,
20141112,25900,26800,25850,26650,
20141111,26150,26400,25700,25900,
20141110,26300,26700,26050,26250,
20141107,25450,26300,25400,26300,
20141106,26000,26000,25550,25550,
20141105,25550,26000,25550,26000,
20141104,26100,26400,25500,25750,
20141103,26400,26400,26000,26200,
20141031,26800,26800,25750,26450,
20141030,27150,27250,26500,26700,
20141029,26950,27750,26650,27600,
20141028,27050,27300,26550,26800,
20141027,26950,27300,26800,27300,
20141024,27550,27550,26750,26850,
20141023,26950,27450,26850,27350,
20141022,26900,27300,26450,27100,
20141021,27300,27350,26300,26650,
20141020,27300,27650,27050,27200,
20141017,27600,27600,26850,27150,
20141016,27400,27650,26900,27450,
20141015,27450,27950,27400,27650,
20141014,27400,27600,27000,27550,
20141013,28050,28300,27150,27400,
20141010,28700,28700,27900,28550,
20141008,28700,29250,28400,28700,
20141007,29100,29100,28600,29000,
20141006,28800,29100,28200,28800,
20141002,28300,29000,28300,28700,
20141001,29550,29650,28400,28400,
20140930,29350,29700,29200,29600,
20140929,30350,30350,29000,29350,
20140926,30300,31050,30150,30300,
20140925,30700,31150,30300,30900,
20140924,30900,30900,30100,30450,
20140923,31050,31050,30350,30850,
20140922,31800,31800,30800,31100,
20140919,31700,32050,31500,32000,
20140918,32250,32450,31350,31550,
20140917,33200,33250,32050,32250,
20140916,32200,32250,31550,31700,
20140915,32700,32750,32050,32450,
20140912,32000,32900,32000,32700,
20140911,32550,32850,32100,32200,
20140905,32600,33650,32550,32900,
20140904,31350,33000,31300,32850,
20140903,31800,31900,31300,31400,
20140902,31900,32250,31600,32000,
20140901,31300,32150,31200,32100,
20140829,31500,31750,30900,31500,
20140828,30350,31850,30250,31500,
20140827,28750,30150,28700,30000,
20140826,28750,28750,28500,28700,
20140825,28700,28950,28300,28550,
20140822,28050,28700,28050,28700,
20140821,27850,28150,27650,28000,
20140820,28800,28800,27700,27800,
20140819,28400,28700,28150,28600,
20140818,28750,28850,28300,28350,
20140814,28300,28950,28300,28750,
20140813,28700,28950,28100,28300,
20140812,29050,29100,28350,28700,
20140811,29050,29250,28600,28800,
20140808,29150,29250,28800,28950,
20140807,28150,28750,28150,28600,
20140806,28900,28950,28000,28300,
20140805,29300,29650,28950,29000,
20140804,29750,29750,29100,29300,
20140801,29450,30050,29250,29800,
20140731,30000,30100,29650,30050,
20140730,29000,30050,28900,29900,
20140729,29700,29850,28350,28900,
20140728,29750,29900,29100,29600,
20140725,29300,29800,29150,29750,
20140724,28950,29350,28600,29200,
20140723,29000,29300,28850,28950,
20140722,28200,28950,28100,28950,
20140721,28600,28950,28150,28300,
20140718,28000,28800,27750,28600,
20140717,28750,29100,28150,28200,
20140716,28850,29000,28500,28700,
20140715,28850,29450,28750,28950,
20140714,28300,29200,28000,28850,
20140711,28800,28800,28050,28250,
20140710,28300,29100,28150,28950,
20140709,28000,28200,27700,28100,
20140708,28450,28500,27850,28200,
20140707,28950,29050,28450,28550,
20140704,29200,29200,28650,28950,
20140703,27900,29000,27800,28850,
20140702,27500,28000,27300,27950,
20140701,26800,27450,26750,27400,
20140630,27050,27200,26700,27050,
20140627,27000,27150,26900,27050,
20140626,26750,27000,26700,26950,
20140625,27200,27300,26550,26700,
20140624,27500,27550,27200,27400,
20140623,27050,27500,26950,27400,
20140620,27300,27300,26750,26900,
20140619,26600,27200,26500,27200,
20140618,26800,26900,26300,26400,
20140617,26800,27000,26550,26900,
20140616,26700,26800,26300,26650,
20140613,27050,27050,26350,26650,
20140612,27450,27450,26750,26950,
20140611,27100,27350,26700,27200,
20140610,26250,26800,26250,26600,
20140609,27150,27700,26000,26100,
20140605,26000,27350,25550,27200,
20140603,27400,27450,26350,26350,
20140602,27200,27700,27150,27700,
20140530,27750,27800,27200,27200,
20140529,27850,27950,27300,27950,
20140528,27250,28100,26950,28000,
20140527,27850,27850,27100,27400,
20140526,27800,28200,27750,27850,
20140523,27850,27950,27350,27600,
20140522,27350,28100,27300,27650,
20140521,25800,27400,25800,27200,
20140520,25350,25450,25050,25300,
20140519,24700,25350,24600,25350,
20140516,24900,24900,24550,24600,
20140515,24900,25100,24750,24900,
20140514,25050,25150,24650,24900,
20140513,24800,25000,24750,24950,
20140512,24850,24900,24450,24550,
20140509,24750,25050,24700,25000,
20140508,24650,25100,24650,24950,
20140507,24650,25100,24650,24700,
20140502,25300,25300,24900,24900,
20140430,25300,25400,25150,25400,
20140429,25400,25500,25100,25150,
20140428,25350,25700,25250,25400,
20140425,25850,25850,25400,25500,
20140424,26050,26200,25450,25900,
20140423,26300,26350,26000,26200,
20140422,25700,26350,25550,26350,
20140421,25750,25950,25650,25850,
20140418,25850,25950,25650,25750,
20140417,25850,26000,25650,25700,
20140416,26050,26050,25700,25900,
20140415,25900,26200,25800,26200,
20140414,26150,26200,25800,25850,
20140411,26100,26150,26000,26150,
20140410,26650,26750,26350,26400,
20140409,26550,26800,26350,26550,
20140408,26250,26500,26100,26300,
20140407,26100,26550,26050,26450,
20140404,25900,26400,25850,26350,
20140403,25750,26150,25700,25900,
20140402,25800,25950,25500,25650,
20140401,25550,26050,25200,25950,
20140331,25650,25800,25100,25500,
20140328,25800,25800,25450,25650,
20140327,25900,25900,25450,25700,
20140326,25900,26050,25800,25850,
20140325,25500,26000,25200,25900,
20140324,24850,25500,24850,25350,
20140321,24800,25050,24450,24800,
20140320,24900,24950,24500,24700,
20140319,24650,25150,24650,24850,
20140318,24850,24900,24500,24500,
20140317,24300,24750,24300,24600,
20140314,24450,24500,24100,24400,
20140313,24450,24950,24300,24700,
20140312,25050,25100,24200,24450,
20140311,25350,25600,25100,25250,
20140310,25400,25550,25250,25350,
20140307,26050,26200,25650,25800,
20140306,25800,26100,25650,26050,
20140305,25750,26050,25550,25600,
20140304,25800,26200,25500,25550,
20140303,25700,26050,25650,25700,
20140228,25800,26150,25650,25900,
20140227,26050,26200,25650,25800,
20140226,26150,26300,25900,26200,
20140225,26100,26150,25700,26150,
20140224,26350,26350,25950,25950,
20140221,26450,26500,26100,26250,
20140220,26000,26450,25950,26400,
20140219,26050,26300,25850,26250,
20140218,25750,26150,25650,26100,
20140217,25900,25900,25550,25650,
20140214,25600,25950,25400,25700,
20140213,25850,26050,25450,25650,
20140212,25750,26000,25700,25900,
20140211,25700,25850,25350,25600,
20140210,25800,25850,25550,25700,
20140207,25450,25900,25200,25750,
20140206,24850,25550,24850,25150,
20140205,25000,25300,24650,24650,
20140204,24700,25300,24600,25300,
20140203,26000,26200,25250,25250,
20140129,25800,26300,25750,26300,
20140128,25450,26050,25450,25750,
20140127,25600,25800,25250,25600,
20140124,26900,26950,26250,26450,
20140123,27650,27650,27050,27200,
20140122,27050,27750,26950,27700,
20140121,27250,27400,26900,27250,
20140120,26850,27350,26700,27350,
20140117,26600,26900,26400,26800,
20140116,26350,26750,26350,26700,
20140115,26700,26750,26350,26350,
20140114,26550,26750,26350,26500,
20140113,26400,26850,26400,26750,
20140110,26550,26900,26050,26350,
20140109,27400,27400,26500,26650,
20140108,27750,27850,27100,27450,
20140107,27450,27950,27450,27900,
20140106,27850,27850,27300,27750,
20140103,27600,27850,27200,27750,
20140102,28800,28800,27650,27650,
20131230,28500,28800,28300,28600,
20131227,27900,28350,27800,28250,
20131226,28400,28400,28000,28050,
20131224,28000,28100,27750,27800,
20131223,27100,27900,27050,27900,
20131220,27200,27450,26600,27000,
20131219,27700,27750,27000,27300,
20131218,26900,27450,26700,27400,
20131217,26100,26800,25950,26800,
20131216,26150,26300,25700,25800,
20131213,26500,26600,26100,26150,
20131212,26100,26650,25850,26600,
20131211,25900,26550,25900,26150,
20131210,26600,26900,26000,26150,
20131209,26650,26850,26500,26700,
20131206,26900,26900,26450,26500,
20131205,26700,26900,26300,26900,
20131204,26850,26850,26200,26500,
20131203,27300,27300,26700,26800,
20131202,28100,28150,27400,27450,
20131129,27800,28100,27350,28100,
20131128,27500,27950,27450,27750,
20131127,27450,27500,27150,27300,
20131126,27400,27650,27100,27450,
20131125,26900,27700,26900,27600,
20131122,27200,27300,26550,26750,
20131121,27600,27650,26550,27150,
20131120,28150,28150,27550,27650,
20131119,28650,28800,27750,28200,
20131118,28700,29150,28500,28650,
20131115,28400,28750,28150,28700,
20131114,28150,28450,27750,28200,
20131113,27750,28050,27600,27900,
20131112,27650,28150,27300,28000,
20131111,28750,28800,27600,27800,
20131108,27850,28750,27650,28700,
20131107,28900,28900,28200,28200,
20131106,28300,29200,28300,28900,
20131105,29400,29400,28350,28350,
20131104,29850,29850,29200,29300,
20131101,29500,29900,29150,29900,
20131031,29500,29800,29150,29500,
20131030,29000,29750,28500,29450,
20131029,27600,28450,27450,28350,
20131028,27750,27800,27250,27800,
20131025,28400,28400,27100,27600,
20131024,28100,28550,27950,28200,
20131023,28500,29100,27900,28200,
20131022,27650,28300,27450,28100,
20131021,27900,28200,27550,27750,
20131018,27000,27950,26950,27650,
20131017,27200,27400,26750,26850,
20131016,26800,27100,26700,26800,
20131015,26000,27200,26000,26850,
20131014,26200,26400,25650,25850,
20131011,26650,26650,26150,26400,
20131010,26300,26550,26100,26250,
20131008,26550,26600,25850,26450,
20131007,27150,27200,26600,26650,
20131004,27250,27350,26850,27200,
20131002,26800,27450,26700,27400,
20131001,26650,27150,26550,26950,
20130930,27100,27100,26700,26700,
20130927,27100,27250,26850,27150,
20130926,27100,27100,26750,27000,
20130925,26500,27300,26450,27100,
20130924,26800,26850,26450,26500,
20130923,27250,27300,26800,27000,
20130917,27100,27500,26900,27100,
20130916,26850,27200,26700,27050,
20130913,27350,27450,26800,26850,
20130912,27050,27650,26850,27600,
20130911,26450,26950,26300,26850,
20130910,26550,26750,26050,26300,
20130909,26550,26800,26350,26450,
20130906,26300,26600,26150,26350,
20130905,26750,27100,26300,26400,
20130904,26200,26650,25950,26650,
20130903,26200,26450,25950,26100,
20130902,25500,26100,25450,26050,
20130830,25900,26250,25650,25650,
20130829,25950,26300,25900,25950,
20130828,25450,26350,25400,25750,
20130827,26150,26350,25800,25950,
20130826,26350,26550,26100,26500,
20130823,25350,26150,25200,25950,
20130822,25050,25450,24600,25050,
20130821,26000,26550,25100,25700,
20130820,27200,27350,25700,26000,
20130819,27200,27550,26750,27450,
20130816,26000,27150,25850,26900,
20130814,26400,26400,26050,26350,
20130813,25950,26750,25850,26600,
20130812,24800,25750,24800,25700,
20130809,25400,25550,24650,24800,
20130808,24350,24900,24350,24900,
20130807,24300,24800,24300,24450,
20130806,25250,25450,24650,24700,
20130805,25500,26000,25300,25450,
20130802,25750,25950,25500,25550,
20130801,25500,25650,25050,25400,
20130731,24500,25500,24300,25350,
20130730,24300,24950,24200,24750,
20130729,25250,25550,24250,24300,
20130726,24100,25250,24100,25100,
20130725,24500,24650,23950,24100,
20130724,24800,25050,24550,24650,
20130723,24600,25100,24450,25000,
20130722,24150,24850,23800,24600,
20130719,23400,24250,23250,24250,
20130718,23650,23700,23100,23150,
20130717,23600,23700,23200,23600,
20130716,23050,23650,22950,23600,
20130715,22750,23050,22550,22950,
20130712,22600,22950,22500,22900,
20130711,22850,23550,22800,23550,
20130710,23100,23200,22350,22600,
20130709,22600,23000,22500,23000,
20130708,23000,23000,22200,22400,
20130705,22750,23050,22500,22700,
20130704,22550,22700,22100,22500,
20130703,23150,23400,22350,22450,
20130702,23250,23600,23050,23300,
20130701,22950,23100,22700,22950,
20130628,22600,23200,22600,22950,
20130627,22750,23050,22650,22800,
20130626,22500,22750,22150,22450,
20130625,22250,22900,21500,21950,
20130624,23100,23250,22650,22650,
20130621,23100,23700,22750,23400,
20130620,24850,24850,23800,23900,
20130619,25150,25200,24900,24950,
20130618,25050,25250,24900,25150,
20130617,25600,25800,24700,25050,
20130614,25550,26150,25500,25800,
20130613,25950,25950,25250,25250,
20130612,26650,26850,26050,26050,
20130611,26500,27000,26100,27000,
20130610,26900,26950,26500,26650,
20130607,27300,27400,26500,26900,
20130605,27200,27550,26700,27500,
20130604,27700,27900,27050,27200,
20130603,27150,27650,26650,27450,
20130531,27200,27600,27050,27300,
20130530,26500,27200,26250,26850,
20130529,26900,27200,26800,26800,
20130528,26300,26700,26050,26700,
20130527,26150,26500,26150,26300,
20130524,26700,26750,26100,26250,
20130523,27400,27700,26550,26550,
20130522,27150,27500,26850,27500,
20130521,27050,27250,26900,27100,
20130520,27900,27900,26800,27050,
20130516,26800,27950,26800,27650,
20130515,26900,27300,26600,26800,
20130514,26750,27300,26750,26900,
20130513,27800,27800,26750,26750,
20130510,28300,28300,27450,27550,
20130509,28050,28850,27800,28300,
20130508,27700,27900,27250,27500,
20130507,27850,28000,27250,27700,
20130506,27050,27800,26950,27700,
20130503,26650,27150,26150,26350,
20130502,26500,26800,26200,26400,
20130430,26400,27250,26400,26650,
20130429,26600,26800,26050,26600,
20130426,27300,27400,26150,26400,
20130425,25650,27200,25500,27000,
20130424,24500,25600,24400,25550,
20130423,24150,24250,23900,24250,
20130422,24400,24400,23750,24000,
20130419,23350,24550,23350,24350,
20130418,23300,23750,23000,23300,
20130417,23800,24100,23350,23700,
20130416,23600,24050,23250,23400,
20130415,25900,25900,24200,24650,
20130412,27000,27000,25850,25950,
20130411,27800,27850,26750,27100,
20130410,26800,27550,26650,27500,
20130409,26800,26850,26400,26400,
20130408,25950,26950,25950,26900,
20130405,26000,26500,25800,26000,
20130404,26450,26450,25800,26000,
20130403,26500,26600,26250,26500,
20130402,27100,27300,26150,26250,
20130401,27300,27400,26900,27200,
20130329,27400,27700,27250,27250,
20130328,27200,27250,26900,27200,
20130327,27150,27450,26950,26950,
20130326,27550,27800,26850,27050,
20130325,28000,28000,27600,27750,
20130322,28200,28250,27500,27700,
20130321,28650,28800,28350,28450,
20130320,28200,28500,28050,28400,
20130319,28350,28600,28050,28100,
20130318,29250,29250,28350,28350,
20130315,29400,29400,28800,29350,
20130314,29650,29650,28900,29250,
20130313,29950,29950,29200,29350,
20130312,29850,29900,29500,29600,
20130311,29400,29800,28950,29750,
20130308,28800,29400,28800,29400,
20130307,28800,29150,28700,28950,
20130306,29050,29300,28750,28850,
20130305,28600,29000,28600,28800,
20130304,29000,29150,28450,28500,
20130228,29500,29700,29000,29150,
20130227,28450,29050,28300,29000,
20130226,28150,28900,28050,28150,
20130225,29000,29100,28400,28450,
20130222,28900,29350,28850,28950,
20130221,29900,29950,29100,29100,
20130220,30300,30450,29900,30300,
20130219,29850,30350,29700,30300,
20130218,30400,30400,29700,29850,
20130215,30900,30900,30350,30400,
20130214,30750,31150,30450,30750,
20130213,29950,30550,29500,30550,
20130212,29950,29950,29350,29750,
20130208,29850,29850,29400,29600,
20130207,29300,30250,29300,29700,
20130206,27900,29100,27900,29000,
20130205,28550,28650,27700,27700,
20130204,29450,29450,28900,29000,
20130201,28900,29250,28150,28950,
20130131,29750,29750,28850,28850,
20130130,29300,30150,29300,29950,
20130129,29200,29600,29200,29450,
20130128,29150,29350,28700,29200,
20130125,30300,30400,28500,29150,
20130124,30750,30800,30150,30400,
20130123,30550,30950,30100,30750,
20130122,31550,31550,30450,30650,
20130121,30850,31650,30850,31500,
20130118,30750,30900,30300,30900,
20130117,31000,31300,30400,30450,
20130116,31700,32050,30650,30800,
20130115,31850,32250,31500,31700,
20130114,33000,33000,31850,31850,
20130111,33050,33100,32350,32950,
20130110,32300,32750,32250,32750,
20130109,31950,32500,31950,32250,
20130108,32400,32750,31750,31950,
20130107,33000,33050,32000,32550,
20130104,33700,33850,32350,32650,
20130103,34400,34550,33350,33600,
20130102,34100,34200,33550,34000,
20121228,33000,33700,33000,33600,
20121227,33050,33350,32800,33200,
20121226,32500,33350,32500,33050,
20121224,32700,33100,32150,32450,
20121221,33950,34150,32500,32650,
20121220,34450,34650,33950,34250,
20121218,34200,34600,34100,34450,
20121217,34050,34600,33850,33850,
20121214,34500,34500,33700,34050,
20121213,34650,35150,34250,34700,
20121212,35450,35900,34400,35000,
20121211,35000,35250,34650,35250,
20121210,34700,35200,34400,34950,
20121207,34450,35200,34000,34650,
20121206,34350,34900,33800,34300,
20121205,32900,34350,32850,34200,
20121204,33500,33800,33050,33100,
20121203,34100,34500,33150,33800,
20121130,34150,34850,33600,33800,
20121129,33050,34200,32850,34000,
20121128,33500,33900,32500,32500,
20121127,32850,34000,32700,34000,
20121126,32600,32850,32350,32700,
20121123,32250,32350,31750,32250,
20121122,32300,32600,31700,31750,
20121121,32750,32800,31350,31950,
20121120,32800,33200,32200,32550,
20121119,31700,32650,31650,32000,
20121116,32400,32500,31000,31550,
20121115,32500,32900,31700,32400,
20121114,32100,33050,32100,32800,
20121113,33550,34100,32050,32100,
20121112,33150,34050,32750,33200,
20121109,32800,33200,32300,32700,
20121108,33500,33900,33350,33400,
20121107,33300,34350,32800,34300,
20121106,32100,33650,31350,33200,
20121105,32950,33250,31900,32250,
20121102,32200,33000,32000,33000,
20121101,31850,32250,31400,31600,
20121031,31400,32000,31200,31800,
20121030,31250,31500,30650,30850,
20121029,29750,30450,29750,30200,
20121026,29850,30400,29150,29350,
20121025,30600,31000,29450,29850,
20121024,30900,31300,30650,30950,
20121023,31900,32300,31350,31600,
20121022,31700,32300,31600,31850,
20121019,33000,33100,32350,32700,
20121018,32200,33050,32200,32800,
20121017,32800,33200,32050,32100,
20121016,31400,33250,31400,33250,
20121015,32250,32650,31050,31300,
20121012,33050,33100,32100,32100,
20121011,33450,33700,32100,32900,
20121010,34000,34600,33500,33500,
20121009,34800,34850,34100,34850,
20121008,35150,35300,34300,34500,
20121005,34650,35100,33550,35100,
20121004,34300,34700,33850,34650,
20121002,35250,35300,34300,34300,
20120928,35300,35300,34600,35150,
20120927,32900,35100,32850,35100,
20120926,33900,34000,33100,33400,
20120925,34400,34500,33900,34300,
20120924,35100,35100,34100,35000,
20120921,35450,35850,34600,35000,
20120920,36100,36350,35200,35450,
20120919,35400,36000,34900,36000,
20120918,34350,35500,33800,35300,
20120917,34400,35450,34350,34500,
20120914,35550,35550,33750,34050,
20120913,33800,33850,33150,33750,
20120912,32000,34400,32000,33700,
20120911,31500,31900,31300,31800,
20120910,31300,31700,31250,31250,
20120907,30350,30800,30000,30700,
20120906,29500,29650,29100,29550,
20120905,30250,30250,29400,29400,
20120904,30300,30450,29950,30400,
20120903,30200,30400,29300,30250,
20120831,29850,29950,29450,29950,
20120830,30750,30750,29350,29950,
20120829,30950,31300,30350,31000,
20120828,31550,31800,30900,31450,
20120827,31150,31500,30550,31500,
20120824,31150,31200,30400,30950,
20120823,29850,31400,29800,31350,
20120822,30500,30600,29700,29750,
20120821,31100,31200,30300,30400,
20120820,30900,31200,30550,31000,
20120817,30700,31000,30450,30700,
20120816,30400,30700,30050,30350,
20120814,31000,31050,30200,30400,
20120813,31050,31100,30400,30800,
20120810,31000,31400,30700,31000,
20120809,30500,31000,30450,30800,
20120808,30550,31100,30300,30500,
20120807,30700,30750,30000,30100,
20120806,29850,30700,29700,30650,
20120803,29350,29950,29100,29100,
20120802,30400,30750,30000,30300,
20120801,30100,30850,29850,30400,
20120731,29300,30700,29200,30450,
20120730,30050,30150,29050,29200,
20120727,29400,29700,28800,29700,
20120726,27100,29500,26850,28600,
20120725,26950,27350,26400,26700,
20120724,27900,28150,27350,27600,
20120723,28550,28600,27700,28200,
20120720,28700,29100,28300,28950,
20120719,27750,28400,27700,28400,
20120718,28100,28450,27350,27350,
20120717,27300,28100,27200,28050,
20120716,27200,27750,26800,27250,
20120713,27000,27100,26250,27000,
20120712,26650,27400,26450,26550,
20120711,26100,26650,25850,26650,
20120710,26100,26500,25650,25950,
20120709,26600,26750,25900,26150,
20120706,27350,27650,26600,26800,
20120705,27700,28100,27650,27650,
20120704,28150,28400,27300,27750,
20120703,27800,28100,27500,28050,
20120702,27900,27900,27200,27500,
20120629,25500,27150,25500,27000,
20120628,25800,26650,25200,26400,
20120627,26000,26050,24900,25500,
20120626,26400,26650,26000,26100,
20120625,26200,26800,25800,26800,
20120622,27300,27350,26100,26400,
20120621,28150,28200,27500,28000,
20120620,27950,28300,27600,28250,
20120619,27000,27900,26800,27650,
20120618,26800,27750,26550,27300,
20120615,26450,26650,26000,26000,
20120614,26250,26600,25900,26300,
20120613,26150,26700,25800,26600,
20120612,25700,26350,25550,26300,
20120611,25900,26450,25450,26250,
20120608,25100,25800,25050,25500,
20120607,24400,25350,24400,25000,
20120605,23200,23850,22950,23700,
20120604,23300,24100,22750,22850,
20120601,25300,25450,24500,24500,
20120531,25100,25550,25050,25550,
20120530,25950,25950,25500,25800,
20120529,25450,25850,24950,25700,
20120525,24550,25250,24550,25100,
20120524,24200,24800,24100,24450,
20120523,24700,24850,24150,24250,
20120522,23700,24900,23600,24800,
20120521,23650,23950,23050,23250,
20120518,23600,24050,23500,23500,
20120517,24000,24950,24000,24550,
20120516,24650,25050,24000,24200,
20120515,25500,25700,24550,25150,
20120514,26250,26400,25350,26150,
20120511,27150,27550,25850,25850,
20120510,27400,27500,26800,27150,
20120509,28300,28600,27500,27550,
20120508,28800,29250,28350,28500,
20120507,29050,29150,28350,28450,
20120504,30300,30300,29700,29850,
20120503,30100,30350,30000,30200,
20120502,30250,30450,29700,30100,
20120430,28900,30300,28250,30100,
20120427,27700,29200,27600,28800,
20120426,28250,28800,27150,27350,
20120425,28950,29150,28100,28100,
20120424,30050,30100,25850,28700,
20120423,30350,30750,30150,30400,
20120420,30700,30900,30350,30500,
20120419,30600,31250,30550,30900,
20120418,31300,31400,30600,30600,
20120417,30000,31150,30000,30850,
20120416,30100,30450,29750,30150,
20120413,30200,30600,29650,30350,
20120412,28350,29750,28350,29750,
20120410,28150,28500,27550,28300,
20120409,28200,29150,28050,28200,
20120406,29000,29500,28500,28500,
20120405,29250,29400,28800,29150,
20120404,30350,30350,29350,29600,
20120403,30650,30950,30250,30350,
20120402,30500,30900,30050,30150,
20120330,30000,30850,29950,30150,
20120329,30150,30550,29550,30300,
20120328,30900,31100,30300,30550,
20120327,29850,30950,29650,30900,
20120326,30000,30350,29100,29200,
20120323,29700,29950,29050,29800,
20120322,30750,31100,29700,29800,
20120321,31950,31950,30950,31100,
20120320,32500,32850,31950,32350,
20120319,32750,33250,32100,32500,
20120316,31900,32750,31800,32750,
20120315,32850,33100,31550,31650,
20120314,33000,33100,32700,32750,
20120313,32450,32750,32100,32200,
20120312,32400,32750,32150,32450,
20120309,32700,32800,32050,32550,
20120308,31800,32700,31050,32350,
20120307,30450,31750,30400,31400,
20120306,32450,32750,30850,31300,
20120305,33300,33300,32200,32300,
20120302,33900,34100,33250,33300,
20120229,33900,34600,33800,33900,
20120228,33300,33700,33000,33700,
20120227,34750,34750,33350,33650,
20120224,34600,34950,33900,34300,
20120223,34300,35050,33850,34300,
20120222,34600,35150,34250,34600,
20120221,34700,34800,33300,33800,
20120220,33800,35000,33800,34600,
20120217,33050,33650,32900,32900,
20120216,33500,33550,32350,32500,
20120215,33700,34700,33700,33950,
20120214,34450,34500,33500,33700,
20120213,35900,35900,34250,34900,
20120210,36350,36350,35500,35800,
20120209,36150,36400,35400,36400,
20120208,34500,35950,34100,35850,
20120207,33850,34600,33650,33700,
20120206,34950,35500,29200,33850,
20120203,34900,34950,33850,34300,
20120202,33500,35000,33350,34750,
20120201,31800,32950,31250,32800,
20120131,30650,31750,30200,31500,
20120130,31750,31750,30650,30650,
20120127,31650,32150,30900,31650,
20120126,30050,31350,29750,31350,
20120125,31100,31100,29500,29500,
20120120,30900,31350,30600,30800,
20120119,31400,31450,30550,30950,
20120118,29700,31050,29300,30800,
20120117,29800,29950,29250,29700,
20120116,29750,30000,29150,29250,
20120113,30800,30900,29650,30200,
20120112,29900,30850,29300,30400,
20120111,29100,30400,28850,30050,
20120110,27650,28950,27500,28750,
20120109,27000,27800,26650,27350,
20120106,28150,28450,27050,27400,
20120105,28050,28450,27700,28000,
20120104,27300,28500,27000,28200,
20120103,26350,27050,26150,26800,
20120102,26000,26150,25500,26100,
20111229,26150,26400,25500,26200,
20111228,26250,26600,25650,26150,
20111227,26500,26800,25900,26250,
20111226,27150,27250,26350,26700,
20111223,26700,27150,26300,26900,
20111222,26100,26700,26100,26400,
20111221,27050,27200,26550,26750,
20111220,27000,27150,26000,26100,
20111219,27650,30650,26100,26400,
20111216,27250,27850,27050,27500,
20111215,28050,28300,26650,27000,
20111214,30000,30500,29150,29300,
20111213,29600,30150,29250,30000,
20111212,30000,30350,29700,30250,
20111209,29150,29700,28850,29000,
20111208,30100,30650,29650,30050,
20111207,30350,30750,29900,30100,
20111206,30850,30900,29500,30100,
20111205,30550,31400,29900,31350,
20111202,30800,30800,29700,30300,
20111201,29900,30800,28600,30800,
20111130,26250,27100,25850,26800,
20111129,26250,26700,25800,26450,
20111128,25600,26300,25250,25700,
20111125,26000,26300,25200,25350,
20111124,26050,26900,25950,26650,
20111123,28000,28050,26850,27050,
20111122,27800,28200,27550,28000,
20111121,28300,28900,27700,28650,
20111118,28800,29200,27700,28100,
20111117,30500,30500,29200,29700,
20111116,31450,31500,30050,30200,
20111115,30300,31350,30050,31100,
20111114,29750,31400,29350,30850,
20111111,28900,29050,27800,28650,
20111110,29400,29700,28100,28400,
20111109,31900,32050,30350,30950,
20111108,33250,33300,31100,31200,
20111107,32450,32900,31700,32750,
20111104,32650,33300,32300,32300,
20111103,31900,31900,30400,31700,
20111102,31550,31950,30050,31500,
20111101,32500,34500,32500,33600,
20111031,35800,36000,34450,34500,
20111028,37000,37500,34700,35300,
20111027,33350,34700,32250,34700,
20111026,32100,32950,31350,32550,
20111025,32950,33800,31950,31950,
20111024,30100,32250,30100,31950,
20111021,28700,29700,27500,29400,
20111020,30350,30450,28200,28200,
20111019,31200,31450,30150,30450,
20111018,30450,31700,30450,30800,
20111017,31750,32450,31700,32200,
20111014,31300,31300,30300,31000,
20111013,31850,32950,31400,31400,
20111012,29800,31300,28750,31000,
20111011,29500,32500,29250,29800,
20111010,27600,29400,27100,28550,
20111007,26100,29000,25800,27800,
20111006,24350,25750,24100,25750,
20111005,23250,24250,22450,23500,
20111004,23100,23550,22700,23000,
20110930,25200,26350,24800,25550,
20110929,25100,26100,24050,25850,
20110928,26800,27500,25900,25900,
20110927,26300,26800,25050,26350,
20110926,28400,28850,24100,25400,
20110923,31600,32400,28350,28350,
20110922,31800,33700,31600,33300,
20110921,32200,33200,31350,33200,
20110920,31600,32800,30750,31800,
20110919,33050,33300,31800,31800,
20110916,32900,33900,32400,33600,
20110915,34000,34300,30400,32250,
20110914,34750,35000,32800,33300,
20110909,36650,36650,35200,35400,
20110908,36800,37100,35650,36600,
20110907,36600,37300,34650,35750,
20110906,37500,38000,34400,35950,
20110905,40550,41000,38200,38650,
20110902,41500,42350,41200,41850,
20110901,43300,43700,40850,41500,
20110831,40550,42450,39850,42100,
20110830,41850,41850,40200,40500,
20110829,40400,42000,39250,42000,
20110826,38350,40850,38000,39800,
20110825,38000,38350,37000,38000,
20110824,39200,39200,37500,37500,
20110823,38000,38800,37500,38650,
20110822,37050,39900,36050,38000,
20110819,39300,40350,37400,37800,
20110818,41850,42100,41050,41850,
20110817,41800,42800,41500,41850,
20110816,40350,42100,40350,42100,
20110812,40650,41550,39650,39650,
20110811,37300,40550,37300,40250,
20110810,40650,40800,39000,40200,
20110809,37100,40000,35550,38400,
20110808,41750,41900,35500,40700,
20110805,41000,42900,39950,41750,
20110804,45800,46250,43650,43650,
20110803,45200,45900,43800,45900,
20110802,45650,46650,45100,45900,
20110801,45100,47050,44050,46500,
20110729,46800,46800,44400,44600,
20110728,45700,47200,45500,45600,
20110727,46700,47200,46150,46650,
20110726,44600,46950,44600,46900,
20110725,44700,45000,44100,44950,
20110722,45200,45500,43750,44700,
20110721,44700,45050,42700,44800,
20110720,45300,45800,43100,44800,
20110719,44800,45300,44100,45300,
20110718,44000,45350,43900,44900,
20110715,42800,44250,42200,43800,
20110714,41900,42900,41250,42800,
20110713,39200,42000,39200,42000,
20110712,40400,40500,38850,39200,
20110711,40650,41650,40600,40950,
20110708,40700,41700,40700,41000,
20110707,40800,41150,40300,40400,
20110706,40700,41050,39750,40900,
20110705,38900,40700,38700,40600,
20110704,38600,39250,38600,38900,
20110701,39250,39250,38100,38150,
20110630,38300,39000,37750,38500,
20110629,37500,37700,36850,37550,
20110628,37300,37400,36350,36850,
20110627,37500,37850,36650,36850,
20110624,37300,38100,35200,38100,
20110623,37000,37300,36100,36900,
20110622,37400,37950,36650,37500,
20110621,35000,37650,35000,37250,
20110620,33900,36200,33650,34800,
20110617,33500,34500,33200,33400,
20110616,33500,33800,32850,33050,
20110615,33700,34300,33250,34000,
20110614,32300,33500,31800,33500,
20110613,32000,32650,31250,32200,
20110610,34350,34650,32250,32450,
20110609,34600,35150,33550,34000,
20110608,35000,35400,34700,34900,
20110607,35450,35900,34400,35150,
20110603,37450,37450,35350,35600,
20110602,38050,38650,36950,37350,
20110601,38600,39800,38300,39400,
20110531,35800,38700,35700,38500,
20110530,36250,36450,35850,35950,
20110527,36700,37300,35800,35800,
20110526,37100,37400,36150,36500,
20110525,37950,38000,36300,36600,
20110524,36250,38050,36250,37500,
20110523,38550,38650,36150,36900,
20110520,38650,39200,38300,38750,
20110519,38900,39450,38300,38300,
20110518,37200,38800,37150,38150,
20110517,37900,38200,37050,37100,
20110516,39000,39200,38050,38100,
20110513,39050,39250,38300,39200,
20110512,38800,39550,38350,38400,
20110511,38750,40150,38550,39900,
20110509,38750,39500,38050,38050,
20110506,40100,40100,37800,38750,
20110504,40550,41050,39550,40800,
20110503,42700,42700,40200,40500,
20110502,40950,43050,40950,43050,
20110429,41400,42050,40550,40700,
20110428,42400,42400,41300,41650,
20110427,43000,43200,41800,42000,
20110426,44450,44450,42200,42450,
20110425,44100,44350,43700,43800,
20110422,43900,44700,43250,43800,
20110421,45500,45850,43850,43900,
20110420,45000,45500,44500,45200,
20110419,45100,45300,44150,44300,
20110418,48100,48100,45500,45600,
20110415,46700,48600,46650,47700,
20110414,47450,47800,46500,47150,
20110413,46750,47400,46000,47400,
20110412,48500,48550,47250,47350,
20110411,49400,50000,48500,49050,
20110408,48600,49700,48300,49050,
20110407,47400,48200,46800,48100,
20110406,45250,47800,45000,47150,
20110405,45450,45600,44500,45250,
20110404,46150,46200,45050,45600,
20110401,46600,47300,46200,46200,
20110331,46000,46500,45450,46250,
20110330,45500,45900,45050,45450,
20110329,43650,45450,43450,45450,
20110328,44050,44050,43000,43750,
20110325,45450,45800,44000,44250,
20110324,46000,46700,44900,45000,
20110323,44050,45400,43800,44800,
20110322,44000,44850,43500,44250,
20110321,43450,44450,43450,44000,
20110318,41800,43500,41250,43000,
20110317,40100,41000,40100,40650,
20110316,42000,42700,40300,41000,
20110315,42500,43250,40600,41800,
20110314,42600,43400,41650,42050,
20110311,44500,44900,43550,43900,
20110310,43700,45400,43450,45350,
20110309,44350,45250,43350,43700,
20110308,41600,44950,41600,44000,
20110307,41600,42350,41300,41850,
20110304,42200,42250,41100,41750,
20110303,41000,41500,40450,41500,
20110302,40800,42300,39650,40450,
20110228,42400,42400,40900,41300,
20110225,41300,42700,41300,42450,
20110224,42050,42950,41000,41150,
20110223,45600,46850,42950,43500,
20110222,47500,48300,45750,46050,
20110221,48100,48700,47900,48150,
20110218,45850,47750,45850,47700,
20110217,46100,46400,45050,45550,
20110216,44700,46400,44700,45550,
20110215,46100,46300,44700,44700,
20110214,44600,46600,44600,46600,
20110211,45600,45750,43750,44600,
20110210,45550,46200,45200,45600,
20110209,45400,46450,45000,45650,
20110208,46100,46250,45050,45400,
20110207,44400,46150,44200,46000,
20110201,44450,44750,42600,43350,
20110131,45500,45500,44200,44200,
20110128,46700,46900,45950,46000,
20110127,46850,47700,46850,47100,
20110126,48150,48300,46350,46750,
20110125,47100,48150,47000,47850,
20110124,46800,47350,46200,46650,
20110121,48100,48750,46150,46500,
20110120,49900,49900,48500,48500,
20110119,49000,50400,48250,50100,
20110118,49100,49800,48800,49050,
20110117,51200,52800,49700,49750,
20110114,51400,51800,50200,51500,
20110113,52600,52900,51500,51600,
20110112,49200,52800,49200,52600,
20110111,49000,49150,47950,48800,
20110110,48200,49000,48000,49000,
20110107,48550,49050,47800,48200,
20110106,49050,49300,48200,48550,
20110105,48250,49500,48150,48750,
20110104,48250,48700,47750,48200,
20110103,48500,48700,47800,48200,
20101230,47450,48000,47100,48000,
20101229,48500,48750,47400,47450,
20101228,47800,48600,47700,48250,
20101227,48100,48950,47550,47800,
20101224,47800,49600,47650,48100,
20101223,48700,48850,47650,47800,
20101222,49000,49700,48350,48350,
20101221,48000,48650,47850,48100,
20101220,48400,48700,47200,47500,
20101217,49500,50200,48750,49000,
20101216,49450,50500,49300,49750,
20101215,49750,49900,48800,49800,
20101214,49650,49900,49150,49150,
20101213,47900,49250,47900,49150,
20101210,48400,49100,47850,47900,
20101209,48200,48700,47650,48550,
20101208,49700,50200,48200,48200,
20101207,48750,49500,48200,49400,
20101206,50200,50600,48400,48750,
20101203,50800,51200,49850,49900,
20101202,50400,50900,49550,50900,
20101201,48100,49800,47600,49800,
20101130,47650,49150,47200,48000,
20101129,47500,48150,46400,47200,
20101126,47500,48350,46500,47750,
20101125,47950,48300,47000,47500,
20101124,48000,48450,47000,47850,
20101123,49000,49150,47150,48500,
20101122,48450,49800,48450,49300,
20101119,48500,48850,47900,48450,
20101118,46250,48250,45950,48000,
20101117,44700,46800,44450,46400,
20101116,45700,46450,44550,45550,
20101115,45600,45800,44700,45700,
20101112,48600,48600,45800,46050,
20101111,48200,48500,47150,47550,
20101110,48600,49100,47850,48200,
20101109,48050,48500,46900,48450,
20101108,47400,48250,46800,47400,
20101105,47800,49400,46600,46750,
20101104,46100,47950,45250,47250,
20101103,46400,48400,46150,46200,
20101102,42700,47650,42350,45800,
20101101,40700,41900,39500,41900,
20101029,41750,41750,40100,40200,
20101028,42400,42400,41500,41750,
20101027,43200,43600,42100,42450,
20101026,41500,43500,40850,43400,
20101025,41000,41400,40500,41100,
20101022,40200,41100,39250,41000,
20101021,40300,40600,39050,40100,
20101020,39900,40350,38550,40000,
20101019,42600,42600,40350,40500,
20101018,42050,43400,41550,42400,
20101015,41200,41850,40800,41550,
20101014,41000,41750,40000,41500,
20101013,42000,42000,40350,41100,
20101012,41350,42400,41150,41750,
20101011,41950,41950,40700,41100,
20101008,42400,42500,41500,41550,
20101007,43200,43850,40750,42500,
20101006,41600,43000,41100,42650,
20101005,41800,42750,40000,40750,
20101004,43100,43650,41800,42000,
20101001,43800,44150,42650,42650,
20100930,44400,45750,43150,43400,
20100929,44900,45000,43700,44450,
20100928,44500,45850,44150,44550,
20100927,43000,44400,42550,44350,
20100924,41800,42350,41700,42150,
20100920,40250,41800,39600,41500,
20100917,41950,42000,40050,40050,
20100916,41050,42000,40950,41200,
20100915,41850,42700,40700,40950,
20100914,43350,43500,41650,42000,
20100913,42400,43850,41700,43250,
20100910,42800,43350,41850,42400,
20100909,41750,42900,41500,42900,
20100908,39650,41350,39300,41350,
20100907,41250,41250,39650,39750,
20100906,40050,41200,39150,41000,
20100903,39000,40500,39000,40000,
20100902,38400,39300,37450,38750,
20100901,37800,38950,37350,37950,
20100831,36500,37750,36400,37500,
20100830,36950,36950,35950,36450,
20100827,36100,36700,35700,36300,
20100826,35150,36300,34650,36300,
20100825,34500,35500,33750,34950,
20100824,35600,35850,34500,34750,
20100823,35500,36800,34850,36050,
20100820,34450,36000,34100,35900,
20100819,34950,35300,34550,34550,
20100818,35400,35400,34500,34800,
20100817,33850,35300,33650,34900,
20100816,33150,34000,32550,33850,
20100813,32150,33450,31750,33100,
20100812,32600,33350,31900,32150,
20100811,34500,35100,33800,33800,
20100810,33850,35200,33850,34900,
20100809,34300,34700,33100,33800,
20100806,34500,34700,33500,34250,
20100805,34200,35400,34050,34450,
20100804,32850,33800,32550,33700,
20100803,32800,33550,32450,32900,
20100802,31700,32750,31000,32500,
20100730,31500,32400,31450,31700,
20100729,29400,31750,29400,31400,
20100728,29450,29500,28550,29400,
20100727,30050,30100,29100,29150,
20100726,30400,30500,29700,29900,
20100723,30900,30900,29750,30200,
20100722,30250,31200,29650,30100,
20100721,28950,30150,28950,29950,
20100720,29100,29200,28550,28550,
20100719,28950,29400,28750,29250,
20100716,28050,29400,28000,29300,
20100715,29200,29350,28150,28300,
20100714,29450,29700,28850,29200,
20100713,29000,29450,28500,29000,
20100712,28750,29300,28400,28800,
20100709,28900,29100,27650,28300,
20100708,27950,28700,27400,28600,
20100707,28600,28700,27100,27400,
20100706,28650,28800,27500,28600,
20100705,29000,29300,27800,28950,
20100702,32300,32400,28950,29250,
20100701,30450,32700,30100,32300,
20100630,29300,30850,29050,30850,
20100629,31650,33000,30150,30150,
20100628,31000,31950,30600,31650,
20100625,30800,31400,30500,31000,
20100624,31000,31700,31000,31250,
20100623,30550,32000,30500,31200,
20100622,31000,31600,30350,30850,
20100621,29650,31450,29650,31450,
20100618,29500,29650,28750,29150,
20100617,28550,29650,28200,29650,
20100616,28800,29500,28250,28550,
20100615,27150,28400,26800,28400,
20100614,25900,26900,25700,26900,
20100611,26250,26250,25150,25800,
20100610,26050,26200,25600,25600,
20100609,25450,26000,25150,25900,
20100608,24800,25250,24600,25200,
20100607,24500,25400,24300,25200,
20100604,26400,26450,25300,25500,
20100603,26600,27250,26200,26500,
20100601,26400,27300,26300,26500,
20100531,24900,27000,24300,26000,
20100528,25200,25350,24550,24600,
20100527,24850,25250,24300,24650,
20100526,24400,24950,24100,24700,
20100525,24300,24650,22900,24050,
20100524,22950,24650,22950,24450,
20100520,24250,24700,22900,23150,
20100519,24100,24300,23350,24050,
20100518,25500,25750,24450,24550,
20100517,25900,26500,25400,25400,
20100514,24900,26400,24400,26250,
20100513,25250,25750,24350,24950,
20100512,25600,25700,24750,24950,
20100511,26050,26250,25050,25400,
20100510,25100,26000,24850,25800,
20100507,24400,25500,24150,24600,
20100506,24500,25250,24250,25250,
20100504,27400,27800,25800,25800,
20100503,26700,27600,26500,27400,
20100430,27650,27650,26250,27000,
20100429,26400,27800,26250,27150,
20100428,25100,26300,25100,26000,
20100427,26150,27150,25850,26000,
20100426,25500,26100,25050,26050,
20100423,26150,26300,25200,25500,
20100422,25800,26550,25650,26350,
20100421,25050,26250,24900,26000,
20100420,24900,25350,24500,24800,
20100419,25650,25950,24700,24700,
20100416,26000,27000,25700,26200,
20100415,26300,26400,25700,26000,
20100414,24950,25850,24700,25850,
20100413,25700,26000,24850,25000,
20100412,26000,26550,25200,25850,
20100409,25750,26600,25450,25800,
20100408,24850,26000,24350,25800,
20100407,23800,24850,23700,24850,
20100406,23000,23900,23000,23300,
20100405,23400,23550,22150,22700,
20100402,23900,23900,22950,23600,
20100401,24000,24400,23350,23550,
20100331,24000,24450,23400,24000,
20100330,23600,24050,23300,23950,
20100329,23300,23650,23000,23100,
20100326,22350,22950,22350,22900,
20100325,22750,22750,22150,22350,
20100324,22900,23050,22400,22800,
20100323,22950,23000,22350,22650,
20100322,22100,22850,21950,22850,
20100319,21800,22500,21650,22450,
20100318,21600,22100,21550,22000,
20100317,20400,21650,20350,21450,
20100316,20000,20350,19600,20250,
20100315,19900,20150,19700,19900,
20100312,20000,20000,19700,19950,
20100311,19500,19850,19400,19750,
20100310,19700,19700,19300,19350,
20100309,19850,20000,19450,19750,
20100308,19400,19750,19350,19750,
20100305,19250,19350,19050,19150,
20100304,19500,19650,19050,19150,
20100303,19800,19800,19400,19550,
20100302,20500,20700,19700,19750,
20100226,19150,19300,18950,19200,
20100225,19800,20000,19000,19050,
20100224,19700,19750,19500,19750,
20100223,19900,20100,19700,19850,
20100222,19400,20000,19400,20000,
20100219,19200,19400,18900,19200,
20100218,19400,19400,19100,19250,
20100217,19350,19500,19100,19250,
20100216,18950,19200,18800,19000,
20100212,19400,19400,18850,18850,
20100211,19000,19450,18950,19350,
20100210,19400,19400,18850,19000,
20100209,18750,19100,18450,19000,
20100208,19750,19950,18800,18800,
20100205,19450,19900,19200,19450,
20100204,19850,20600,19850,20600,
20100203,19300,20000,19200,20000,
20100202,19450,19550,18950,18950,
20100201,19900,19950,18850,19200,
20100129,20250,20400,19800,19850,
20100128,20150,20700,20100,20600,
20100127,20600,20750,20000,20050,
20100126,20500,20800,20000,20600,
20100125,20100,20600,20050,20350,
20100122,19800,20650,19800,20050,
20100121,19750,20350,19650,20050,
20100120,21000,21200,20000,20050,
20100119,21050,21350,20850,20900,
20100118,21000,21050,20500,20850,
20100115,21250,21400,20950,21100,
20100114,21200,21600,21000,21100,
20100113,22100,22150,21000,21050,
20100112,22950,22950,22150,22500,
20100111,22850,22900,22550,22700,
20100108,22500,22600,22050,22400,
20100107,22500,23150,22200,22300,
20100106,22450,22700,21850,22100,
20100105,21550,22350,21500,22300,
20100104,21600,21700,21200,21300,
20091230,21300,22000,21300,21600,
20091229,20850,21250,20850,21100,
20091228,21450,21450,20900,20900,
20091224,21200,21350,21050,21250,
20091223,21150,21400,20900,21050,
20091222,21150,21400,21100,21100,
20091221,21650,21650,21100,21150,
20091218,22100,22300,21650,21700,
20091217,21700,22350,21500,22300,
20091216,21900,21950,21450,21600,
20091215,22100,22400,21650,21900,
20091214,22250,22300,21600,22150,
20091211,21650,22100,21450,22100,
20091210,21850,21850,21250,21450,
20091209,20800,21600,20800,21600,
20091208,21250,21300,20800,21000,
20091207,21950,21950,20850,21300,
20091204,22100,22350,21350,21800,
20091203,22900,22900,21800,22200,
20091202,22750,23050,22550,22650,
20091201,22900,22950,22300,22550,
20091130,22150,23400,21750,23400,
20091127,22400,22500,21550,21900,
20091126,22550,23250,22550,22900,
20091125,22850,23050,22500,22550,
20091124,23500,23600,22700,22850,
20091123,23500,23750,23200,23350,
20091120,23800,23950,23450,23500,
20091119,24300,24500,23900,24050,
20091118,24300,24450,23600,24300,
20091117,24200,24750,24000,24000,
20091116,23500,23850,23250,23800,
20091113,23700,23900,22750,23700,
20091112,24100,24200,23700,23700,
20091111,24350,24350,23800,24000,
20091110,23950,24200,23650,24100,
20091109,23250,23800,23250,23450,
20091106,24000,24000,23200,23250,
20091105,24150,24550,23100,23450,
20091104,24200,24700,24050,24050,
20091103,24800,24850,23950,24000,
20091102,24000,24650,23800,24650,
20091030,24600,25100,24350,25050,
20091029,24600,24650,23300,24200,
20091028,25750,25800,24900,25000,
20091027,24400,25800,24350,25750,
20091026,23800,24700,23700,24650,
20091023,24200,24300,23600,24050,
20091022,24000,24800,23850,24100,
20091021,24400,24400,23600,24050,
20091020,24050,24850,23800,24350,
20091019,23400,23700,23100,23400,
20091016,24150,24150,23300,23650,
20091015,24700,24800,23300,24150,
20091014,24500,24550,23900,24350,
20091013,24550,24900,23350,24300,
20091012,24650,24700,24150,24550,
20091009,24700,25300,24300,24850,
20091008,24350,24400,23300,24400,
20091007,22650,24050,22550,23950,
20091006,23400,23450,21350,21750,
20091005,23850,23850,22700,22950,
20091001,24400,25000,23800,24150,
20090930,24250,24550,23750,24000,
20090929,24250,25050,23700,24250,
20090928,25200,25400,23500,23900,
20090925,25450,25600,24700,25400,
20090924,25200,26050,24800,25700,
20090923,24850,26000,24750,25700,
20090922,24100,24700,23750,24600,
20090921,24850,25050,24200,24200,
20090918,23600,24750,23350,24400,
20090917,23900,24000,23200,23550,
20090916,23500,24000,22650,23500,
20090915,23800,23800,22850,23300,
20090914,24100,24500,23300,24150,
20090911,23400,24000,22350,23950,
20090910,22300,23100,21500,23000,
20090909,22150,22750,21500,22050,
20090908,19600,21650,19500,21200,
20090907,19900,19950,19500,19550,
20090904,19600,19850,19350,19750,
20090903,18800,19250,18700,19100,
20090902,18700,19300,18700,18700,
20090901,19400,19800,19000,19100,
20090831,20900,20900,19700,19700,
20090828,20800,20850,20200,20850,
20090827,20700,21150,20350,20650,
20090826,20800,20850,20200,20600,
20090825,20000,20650,19600,20550,
20090824,20600,20600,19550,20000,
20090821,19950,20450,19700,20000,
20090820,19650,20250,19300,19800,
20090819,20250,20700,19350,19350,
20090818,20350,20900,19400,20000,
20090817,22450,22700,20900,20900,
20090814,22900,23000,22200,22800,
20090813,22600,22800,22300,22600,
20090812,22000,22550,21600,22550,
20090811,22000,22800,21850,22200,
20090810,21850,22200,21250,21750,
20090807,21500,22100,21200,22000,
20090806,21300,21600,20200,21600,
20090805,22100,22100,21350,21450,
20090804,22300,22600,21750,22150,
20090803,21000,21900,20950,21750,
20090731,20500,21250,20000,20950,
20090730,19400,20500,19100,20500,
20090729,20950,20950,19600,19600,
20090728,20800,20950,20400,20950,
20090727,20550,21000,20200,20700,
20090724,20250,21050,19900,20800,
20090723,19850,20150,19100,19900,
20090722,19200,19850,19100,19700,
20090721,19400,19450,18450,19050,
20090720,18400,19300,18300,19050,
20090717,18300,18650,17800,18400,
20090716,17500,18200,17400,17950,
20090715,16900,17250,16900,16950,
20090714,17100,17250,16550,16800,
20090713,18000,18100,16500,17000,
20090710,17400,18000,17250,17900,
20090709,17800,17850,17350,17350,
20090708,17150,17750,17150,17650,
20090707,18000,18150,16950,17250,
20090706,18000,18300,17600,17800,
20090703,18200,18550,17550,18000,
20090702,19150,19400,18500,18700,
20090701,20000,20050,19050,19050,
20090630,20200,20800,19500,20250,
20090629,20650,20650,19950,20050,
20090626,19700,20800,19500,20800,
20090625,18800,19450,18500,19300,
20090624,18650,18850,18100,18500,
20090623,19000,19150,18250,18450,
20090622,19150,20000,18800,19800,
20090619,19950,20050,19050,19200,
20090618,20400,20600,19750,19750,
20090617,20250,20400,19700,20200,
20090616,20600,20850,20000,20550,
20090615,21000,21550,20600,21200,
20090612,19800,21000,19650,21000,
20090611,20150,20400,19150,19400,
20090610,19900,20300,19350,20150,
20090609,20900,21050,19400,19400,
20090608,21500,21700,20600,21100,
20090605,21300,21500,20350,21500,
20090604,21900,22050,20750,20750,
20090603,21950,22650,21300,22350,
20090602,21400,22300,20400,21650,
20090601,19000,20850,18900,20750,
20090529,18700,19100,18150,18650,
20090528,18700,18800,17600,18800,
20090527,19100,19300,18300,19000,
20090526,19950,19950,18050,19000,
20090525,20250,20700,18000,19950,
20090522,20800,21250,20400,20900,
20090521,21200,21250,20250,21050,
20090520,20600,20850,20250,20800,
20090519,19500,20700,19050,20550,
20090518,19450,19450,18350,19200,
20090515,20200,20300,19100,19500,
20090514,20450,20600,19550,19700,
20090513,19050,21300,18900,21050,
20090512,17700,19000,17600,18600,
20090511,17400,18000,17150,18000,
20090508,17150,17200,16600,17100,
20090507,17000,17250,16350,17000,
20090506,16300,16950,16250,16650,
20090504,15800,16350,15550,16000,
20090430,15350,15850,14950,15700,
20090429,14450,14950,14000,14950,
20090428,15650,15650,14250,14450,
20090427,15750,16150,15650,15650,
20090424,16000,16250,15350,16250,
20090423,16650,16650,16000,16250,
20090422,16400,16800,15900,16500,
20090421,15550,16350,15450,16300,
20090420,16300,16600,15950,16100,
20090417,16950,17150,15950,16450,
20090416,16750,17350,16550,16700,
20090415,16250,17100,15800,16300,
20090414,15150,16800,14700,16800,
20090413,15000,15450,14750,14800,
20090410,15300,15400,14700,15000,
20090409,14950,15400,14550,15250,
20090408,13950,14850,13950,14750,
20090407,13900,14450,13600,14300,
20090406,14250,14500,14000,14150,
20090403,14500,14700,14150,14400,
20090402,14350,14400,13700,14400,
20090401,13300,14250,13100,14000,
20090331,12600,13450,12550,13000,
20090330,13100,13200,12300,12550,
20090327,14000,14000,13100,13100,
20090326,13750,13750,13150,13750,
20090325,13550,13850,13200,13750,
20090324,14000,14250,13500,13700,
20090323,13250,13950,12900,13650,
20090320,12950,13650,12600,13100,
20090319,12200,12850,11800,12700,
20090318,12100,12150,11650,12000,
20090317,12250,12350,11500,12000,
20090316,12050,12550,12000,12200,
20090313,12400,12400,11700,12200,
20090312,12000,12300,11800,12200,
20090311,10850,12300,10800,11850,
20090310,10550,10700,10350,10700,
20090309,10850,10950,10350,10650,
20090306,10200,11050,10150,10650,
20090305,10400,10600,10200,10500,
20090304,9600,10150,9500,10100,
20090303,9400,9800,9330,9500,
20090302,10750,10850,9880,9880,
20090227,10600,11100,10400,10900,
20090226,10500,11000,10350,10600,
20090225,11650,11650,10300,10300,
20090224,10950,11850,10750,11300,
20090223,10550,11400,10550,11400,
20090220,11500,11850,10350,10750,
20090219,12300,12500,11550,11850,
20090218,11300,12050,11050,12000,
20090217,12550,12550,11600,11700,
20090216,12400,12850,12200,12650,
20090213,10850,12300,10750,12300,
20090212,11050,11150,10500,10700,
20090211,11000,11250,10700,10950,
20090210,11200,11600,11200,11350,
20090209,11600,11600,11200,11300,
20090206,11600,11800,11000,11250,
20090205,11700,11800,11300,11350,
20090204,10950,12250,10700,11450,
20090203,10300,10700,10300,10700,
20090202,10100,10550,9940,10300,
20090130,10100,10550,10000,10150,
20090129,10650,10650,10000,10000,
20090128,10800,11000,10300,10400,
20090123,10400,11200,10200,10500,
20090122,9890,10400,9480,10200,
20090121,9280,9940,9280,9690,
20090120,9800,9950,9310,9700,
20090119,9390,9800,9290,9800,
20090116,8600,9180,8540,9100,
20090115,8700,8780,8370,8480,
20090114,8410,9220,8340,9050,
20090113,8200,8350,8100,8350,
20090112,8350,8430,8100,8200,
20090109,8400,8480,8240,8350,
20090108,8500,8570,8270,8370,
20090107,8780,8780,8560,8750,
20090106,8130,8690,8130,8660,
20090105,7660,8240,7570,8210,
20090102,7380,7690,7270,7560,
20081230,7380,7520,7300,7300,
20081229,7400,7400,7080,7390,
20081226,7560,7560,7330,7500,
20081224,7500,7600,7180,7570,
20081223,7760,7800,7400,7650,
20081222,7890,7890,7670,7890,
20081219,7590,7800,7500,7800,
20081218,7470,7790,7430,7700,
20081217,7500,7610,7100,7400,
20081216,7060,7390,7030,7300,
20081215,7000,7170,6910,7060,
20081212,6740,7050,6570,6840,
20081211,6920,7000,6810,6880,
20081210,6920,6940,6720,6920,
20081209,6880,7000,6680,6930,
20081208,6480,6800,6380,6700,
20081205,6390,6390,6290,6340,
20081204,6450,6450,6200,6290,
20081203,6400,6400,6240,6350,
20081202,6300,6380,6220,6270,
20081201,6710,6950,6580,6640,
20081128,6670,6950,6630,6760,
20081127,6700,6740,6500,6620,
20081126,6490,6630,6450,6610,
20081125,6600,6650,6430,6490,
20081124,6080,6370,6060,6310,
20081121,5600,6210,5600,6190,
20081120,6000,6190,6000,6010,
20081119,6820,6830,6290,6490,
20081118,6720,6980,6720,6790,
20081117,6620,7000,6610,6930,
20081114,6920,7000,6700,6860,
20081113,6500,6650,6350,6650,
20081112,6920,7400,6800,6820,
20081111,6700,7400,6570,6910,
20081110,6590,6900,6500,6800,
20081107,5900,6710,5810,6600,
20081106,6550,6750,6160,6180,
20081105,7200,7550,7100,7120,
20081104,7010,7120,6700,7100,
20081103,6330,7000,6200,7000,
20081031,5710,6270,5670,6180,
20081030,5400,5630,5150,5630,
20081029,5350,5650,4600,4900,
20081028,4365,5240,4350,5110,
20081027,4750,5300,4590,4800,
20081024,6330,6350,5390,5390,
20081023,7100,7100,6210,6330,
20081022,7730,7830,7000,7300,
20081021,8000,8100,7830,7830,
20081020,8220,8300,7650,7850,
20081017,8230,8300,7900,8200,
20081016,8020,8300,7760,8040,
20081015,8800,8800,8470,8650,
20081014,8130,8830,8110,8830,
20081013,7400,7810,7350,7700,
20081010,7700,7790,7140,7270,
20081009,8050,8400,8050,8150,
20081008,8800,8890,8030,8050,
20081007,9400,9400,8920,9150,
20081006,10000,10050,9510,9510,
20081002,10100,10350,9970,10100,
20081001,10150,10200,9920,10000,
20080930,9550,10000,9530,10000,
20080929,10750,10800,10100,10200,
20080926,10950,10950,10500,10500,
20080925,10550,10900,10550,10900,
20080924,10550,10700,10450,10550,
20080923,10100,10650,10050,10600,
20080922,10650,10700,10300,10350,
20080919,10700,10900,10500,10500,
20080918,10200,10400,10050,10350,
20080917,10350,10600,10300,10550,
20080916,10050,10600,9980,10150,
20080912,11050,11200,10850,11000,
20080911,10900,11100,10900,11000,
20080910,10800,11000,10650,10900,
20080909,11050,11100,10850,11050,
20080908,10650,11150,10650,11050,
20080905,10300,10550,10250,10500,
20080904,10200,10600,10200,10500,
20080903,10050,10700,9950,10450,
20080902,10450,10500,10050,10350,
20080901,10500,10650,10250,10650,
20080829,10850,11000,10700,10800,
20080828,10900,11150,10750,10900,
20080827,10800,10950,10000,10950,
20080826,11100,11200,10800,10800,
20080825,11350,11600,11250,11300,
20080822,11450,11550,11100,11450,
20080821,12050,12050,11400,11550,
20080820,12000,12200,11650,12050,
20080819,12250,12250,12000,12000,
20080818,12200,12300,11600,12300,
20080814,11750,12250,11550,12200,
20080813,11500,11800,11400,11750,
20080812,11650,12100,11500,11550,
20080811,12300,12300,11600,11650,
20080808,11200,12450,11200,12450,
20080807,11100,11350,10900,11350,
20080806,11200,11300,10900,11200,
20080805,10750,11150,10750,10950,
20080804,11500,11900,10600,10800,
20080801,12450,12600,11400,11600,
20080731,13000,13450,12450,12550,
20080730,15000,15500,12750,13000,
